Acc,SAR,Dataset,Algorithm,runTime,CPUtime,usedMemory
85.79,29.06,FICA4hepatitis,DecisionStump,116,0.1561,9.07405
79.38,26.81,FICA4hepatitis,LibSVM,344,0.50065,12.91709
83.17,28.22,FICA4hepatitis,MultilayerPerceptron,1181,1.67937,14.19717
87.75,29.78,FICA4hepatitis,Logistic,156,1.83757,19.31794
87.12,29.55,FICA4hepatitis,SimpleLogistic,974,2.30003,34.43996
85.88,29.07,FICA4hepatitis,SMO,238,2.49183,63.4895
80.67,27.31,FICA4hepatitis,IBk,148,2.64183,63.4895
77.46,26.26,FICA4hepatitis,KStar,313,2.95031,74.55134
85.83,29.12,FICA4hepatitis,LWL,111,3.06659,80.0814
85.17,28.86,FICA4hepatitis,BayesNet,65,3.13593,81.46379
89.08,30.22,FICA4hepatitis,NaiveBayes,35,3.17605,82.8462
89.08,30.22,FICA4hepatitis,NaiveBayesUpdateable,41,3.21891,84.22858
85.79,29.1,FICA4hepatitis,AdaBoostM1,146,3.3633,93.91702
86.46,29.31,FICA4hepatitis,Bagging,261,3.62654,104.98666
79.38,26.82,FICA4hepatitis,Stacking,22,3.65108,106.36908
83.88,28.47,FICA4hepatitis,LogitBoost,214,3.81396,127.48028
79.38,26.82,FICA4hepatitis,Vote,1,3.8191,127.48028
85.17,28.86,FICA4hepatitis,DecisionTable,290,3.96913,9.12224
83.83,28.41,FICA4hepatitis,JRip,196,4.16515,16.83604
88.46,29.97,FICA4hepatitis,OneR,45,4.21265,18.12546
79.38,26.82,FICA4hepatitis,ZeroR,1,4.21581,18.12546
83.96,28.45,FICA4hepatitis,PART,144,4.36053,20.6974
79.83,27.05,FICA4hepatitis,RandomCommittee,225,4.58643,33.55499
83.25,28.21,FICA4hepatitis,J48,20,4.60672,34.84061
85.79,29.1,FICA4hepatitis,LMT,348,4.94633,18.89873
83.25,28.26,FICA4hepatitis,RandomForest,486,5.4243,98.74431
75.46,25.54,FICA4hepatitis,RandomTree,5,5.4395,98.74431
86.46,29.29,FICA4hepatitis,REPTree,3,5.44373,102.21541
73.81,25.07,FICA4lymph,DecisionStump,3,5.4559,102.21541
54.76,18.6,FICA4lymph,LibSVM,134,5.58821,105.68709
82.48,28.05,FICA4lymph,MultilayerPerceptron,1528,7.12063,105.68709
83.9,28.53,FICA4lymph,Logistic,197,7.32045,119.57216
84.52,28.74,FICA4lymph,SimpleLogistic,776,8.09692,213.30872
81.9,27.8,FICA4lymph,SMO,1254,9.05035,134.71684
77.05,26.17,FICA4lymph,IBk,5,9.05607,134.71684
76.48,26.03,FICA4lymph,KStar,166,9.22505,144.49339
77.81,26.47,FICA4lymph,LWL,50,9.27725,147.75217
75.76,25.78,FICA4lymph,BayesNet,13,9.29101,151.01099
78.48,26.69,FICA4lymph,NaiveBayes,11,9.30354,154.26978
78.48,26.69,FICA4lymph,NaiveBayesUpdateable,9,9.31415,154.26978
73.81,25.07,FICA4lymph,AdaBoostM1,48,9.36407,164.04712
80.38,27.35,FICA4lymph,Bagging,55,9.41968,177.08273
54.76,18.63,FICA4lymph,Stacking,6,9.42834,180.34152
78.43,26.68,FICA4lymph,LogitBoost,195,9.60296,308.82178
54.76,18.63,FICA4lymph,Vote,1,9.60537,308.82178
75.81,25.75,FICA4lymph,DecisionTable,52,9.65808,318.59814
78.38,26.64,FICA4lymph,JRip,59,9.7184,331.6333
73.05,24.8,FICA4lymph,OneR,3,9.72216,331.6333
54.76,18.63,FICA4lymph,ZeroR,0,9.72371,331.6333
83.86,28.5,FICA4lymph,PART,22,9.7474,334.89212
81.24,27.61,FICA4lymph,RandomCommittee,85,9.83316,347.93512
83.29,28.3,FICA4lymph,J48,17,9.85103,351.19391
84.52,28.74,FICA4lymph,LMT,528,10.38036,494.61337
82.48,28.05,FICA4lymph,RandomForest,449,10.745,73.92915
77.76,26.41,FICA4lymph,RandomTree,5,10.75047,79.2853
80.62,27.41,FICA4lymph,REPTree,2,10.75465,79.2853
64.07,21.73,FICA4cylinder-bands,DecisionStump,7,10.7682,79.2853
57.78,19.54,FICA4cylinder-bands,LibSVM,470,11.23976,100.71477
65.93,22.41,FICA4cylinder-bands,MultilayerPerceptron,3300,14.54437,106.07046
65.19,22.15,FICA4cylinder-bands,Logistic,66,14.61441,116.78178
64.44,21.89,FICA4cylinder-bands,SimpleLogistic,589,15.20439,331.02005
64.44,21.82,FICA4cylinder-bands,SMO,70,15.27536,488.97598
73.33,24.85,FICA4cylinder-bands,IBk,25,15.3007,488.97598
70.74,24.03,FICA4cylinder-bands,KStar,2676,17.97977,601.44647
63.7,21.64,FICA4cylinder-bands,LWL,732,18.71413,660.36621
62.96,21.36,FICA4cylinder-bands,BayesNet,31,18.74551,670.65759
64.81,22.02,FICA4cylinder-bands,NaiveBayes,23,18.77128,670.65759
64.81,22.02,FICA4cylinder-bands,NaiveBayesUpdateable,16,18.7864,17.11141
64.07,21.76,FICA4cylinder-bands,AdaBoostM1,127,18.91252,38.23947
66.3,22.52,FICA4cylinder-bands,Bagging,183,19.0992,101.63165
57.78,19.59,FICA4cylinder-bands,Stacking,10,19.10979,101.63165
68.33,23.2,FICA4cylinder-bands,LogitBoost,96,19.19935,254.96378
57.78,19.59,FICA4cylinder-bands,Vote,3,19.20299,254.96378
62.96,21.36,FICA4cylinder-bands,DecisionTable,77,19.28095,296.35455
64.63,21.93,FICA4cylinder-bands,JRip,183,19.46779,352.70209
62.04,21.01,FICA4cylinder-bands,OneR,12,19.48124,352.70209
57.78,19.59,FICA4cylinder-bands,ZeroR,2,19.48446,352.70209
62.59,21.26,FICA4cylinder-bands,PART,42,19.52835,359.74597
66.3,22.51,FICA4cylinder-bands,RandomCommittee,252,19.78241,423.13217
62.96,21.37,FICA4cylinder-bands,J48,25,19.80858,423.13217
63.89,21.71,FICA4cylinder-bands,LMT,1061,20.86827,109.46078
70.19,23.84,FICA4cylinder-bands,RandomForest,1669,22.54027,504.33505
62.96,21.33,FICA4cylinder-bands,RandomTree,32,22.56286,512.56201
61.48,20.87,FICA4cylinder-bands,REPTree,16,22.59008,512.56201
93.27,31.59,FICA4hypothyriod,DecisionStump,63,22.68578,529.02661
92.29,31.2,FICA4hypothyriod,LibSVM,3525,26.00141,34.87891
93.96,31.88,FICA4hypothyriod,MultilayerPerceptron,37612,63.64459,54.90064
93.88,31.85,FICA4hypothyriod,Logistic,1809,65.46016,275.17487
93.93,31.87,FICA4hypothyriod,SimpleLogistic,8345,73.79511,352.48346
92.6,31.27,FICA4hypothyriod,SMO,588,74.3746,654.12201
90.77,30.75,FICA4hypothyriod,IBk,836,75.21523,664.82507
93.05,31.57,FICA4hypothyriod,KStar,137978,213.28149,155.54816
93.27,31.64,FICA4hypothyriod,LWL,29196,242.49118,44.66263
93.77,31.81,FICA4hypothyriod,BayesNet,101,242.59407,85.45295
93.37,31.67,FICA4hypothyriod,NaiveBayes,92,242.68942,119.43439
93.37,31.67,FICA4hypothyriod,NaiveBayesUpdateable,52,242.74643,153.41579
93.27,31.63,FICA4hypothyriod,AdaBoostM1,441,243.18913,255.37238
93.74,31.81,FICA4hypothyriod,Bagging,1109,244.30196,238.92828
92.29,31.2,FICA4hypothyriod,Stacking,55,244.35883,271.36969
93.93,31.87,FICA4hypothyriod,LogitBoost,1496,245.8391,59.62431
92.29,31.2,FICA4hypothyriod,Vote,14,245.85693,70.79671
93.9,31.85,FICA4hypothyriod,DecisionTable,496,246.35446,288.67761
93.8,31.75,FICA4hypothyriod,JRip,1288,247.63142,178.5029
93.8,31.75,FICA4hypothyriod,OneR,50,247.6924,199.49507
92.29,31.2,FICA4hypothyriod,ZeroR,5,247.69957,204.74312
93.88,31.84,FICA4hypothyriod,PART,261,247.96088,236.24127
93.08,31.55,FICA4hypothyriod,RandomCommittee,2099,250.05064,80.69074
93.77,31.76,FICA4hypothyriod,J48,183,250.24559,100.34868
93.93,31.87,FICA4hypothyriod,LMT,14554,264.75055,128.79938
93.69,31.78,FICA4hypothyriod,RandomForest,12870,277.48441,83.12005
89.21,30.2,FICA4hypothyriod,RandomTree,220,277.71683,123.56482
93.82,31.79,FICA4hypothyriod,REPTree,112,277.82248,155.07239
54.79,18.62,FICA4liver-disorders,DecisionStump,3,277.8378,155.07239
57.98,19.61,FICA4liver-disorders,LibSVM,191,278.03061,166.29236
54.86,18.65,FICA4liver-disorders,MultilayerPerceptron,1963,279.99774,168.5368
57.44,19.51,FICA4liver-disorders,Logistic,34,280.03207,177.5127
56.27,19.12,FICA4liver-disorders,SimpleLogistic,393,280.42194,102.12649
57.98,19.61,FICA4liver-disorders,SMO,52,280.47357,157.30319
54.76,18.55,FICA4liver-disorders,IBk,11,280.48492,159.14685
61.99,21.04,FICA4liver-disorders,KStar,940,281.42548,80.6466
54.22,18.42,FICA4liver-disorders,LWL,190,281.60651,106.01253
55.66,18.89,FICA4liver-disorders,BayesNet,9,281.62595,110.48537
60,20.38,FICA4liver-disorders,NaiveBayes,4,281.63031,111.9763
60,20.38,FICA4liver-disorders,NaiveBayesUpdateable,3,281.6347,113.46726
58.01,19.7,FICA4liver-disorders,AdaBoostM1,66,281.70258,131.3687
61.79,20.97,FICA4liver-disorders,Bagging,86,281.79059,167.16133
57.98,19.66,FICA4liver-disorders,Stacking,5,281.78714,171.63531
57.43,19.51,FICA4liver-disorders,LogitBoost,46,281.84219,87.2232
57.98,19.66,FICA4liver-disorders,Vote,0,281.84445,87.2232
55.66,18.89,FICA4liver-disorders,DecisionTable,50,281.89508,106.73611
54.78,18.6,FICA4liver-disorders,JRip,64,281.96075,129.50168
57.15,19.35,FICA4liver-disorders,OneR,5,281.96689,132.75343
57.98,19.66,FICA4liver-disorders,ZeroR,1,281.96851,132.75343
55.96,18.99,FICA4liver-disorders,PART,8,281.97723,134.37932
63.47,21.54,FICA4liver-disorders,RandomCommittee,151,282.13052,176.67456
55.96,18.99,FICA4liver-disorders,J48,7,282.13828,178.30424
56.27,19.12,FICA4liver-disorders,LMT,489,282.61652,135.4136
62.63,21.27,FICA4liver-disorders,RandomForest,921,283.54385,93.22812
61.76,20.92,FICA4liver-disorders,RandomTree,15,283.55939,96.95704
58.01,19.69,FICA4liver-disorders,REPTree,8,283.56995,100.68613
83.15,28.2,FICA4heart-cleveland,DecisionStump,2,283.5751,102.55019
54.45,18.43,FICA4heart-cleveland,LibSVM,157,283.73343,111.87444
83.47,28.34,FICA4heart-cleveland,MultilayerPerceptron,1755,285.49127,113.7385
82.47,28.02,FICA4heart-cleveland,Logistic,38,285.5304,121.19474
83.8,28.45,FICA4heart-cleveland,SimpleLogistic,336,285.86447,152.11366
82.47,27.96,FICA4heart-cleveland,SMO,88,285.9129,65.38665
74.57,25.27,FICA4heart-cleveland,IBk,7,285.92117,66.69913
77.91,26.44,FICA4heart-cleveland,KStar,713,286.63516,103.42579
83.47,28.34,FICA4heart-cleveland,LWL,147,286.76807,15.07575
83.15,28.21,FICA4heart-cleveland,BayesNet,9,286.78781,18.04697
84.13,28.56,FICA4heart-cleveland,NaiveBayes,3,286.79172,21.0183
84.13,28.56,FICA4heart-cleveland,NaiveBayesUpdateable,3,286.79575,22.50394
83.15,28.22,FICA4heart-cleveland,AdaBoostM1,58,286.85477,38.84768
84.81,28.77,FICA4heart-cleveland,Bagging,53,286.90933,61.13902
54.45,18.48,FICA4heart-cleveland,Stacking,6,286.91534,64.11024
82.16,27.89,FICA4heart-cleveland,LogitBoost,47,286.95792,101.80647
54.45,18.48,FICA4heart-cleveland,Vote,1,286.96008,103.29208
83.15,28.21,FICA4heart-cleveland,DecisionTable,37,286.99744,119.63605
83.15,28.2,FICA4heart-cleveland,JRip,51,287.04892,138.95119
81.55,27.65,FICA4heart-cleveland,OneR,5,287.0538,12.80267
54.45,18.48,FICA4heart-cleveland,ZeroR,1,287.05518,12.80267
82.83,28.09,FICA4heart-cleveland,PART,11,287.06717,14.83765
77.56,26.33,FICA4heart-cleveland,RandomCommittee,88,287.15625,41.30863
83.15,28.2,FICA4heart-cleveland,J48,8,287.16501,41.30863
83.8,28.45,FICA4heart-cleveland,LMT,450,287.61398,59.79616
82.52,28.01,FICA4heart-cleveland,RandomForest,547,288.16125,77.47951
75.89,25.72,FICA4heart-cleveland,RandomTree,7,288.17044,79.94665
83.16,28.21,FICA4heart-cleveland,REPTree,5,288.17703,82.41323
56.66,19.25,FICA4KSvsKP,DecisionStump,36,288.22363,89.81301
52.22,17.68,FICA4KSvsKP,LibSVM,11072,299.22961,84.90829
63.05,21.43,FICA4KSvsKP,MultilayerPerceptron,18567,317.81003,101.57647
62.86,21.36,FICA4KSvsKP,Logistic,404,318.16663,18.23091
62.58,21.26,FICA4KSvsKP,SimpleLogistic,3593,321.72186,53.93146
61.64,20.88,FICA4KSvsKP,SMO,480,322.19733,41.16494
65.55,22.21,FICA4KSvsKP,IBk,635,322.83475,48.74471
67.71,23.01,FICA4KSvsKP,KStar,100715,423.49802,29.24891
62.23,21.14,FICA4KSvsKP,LWL,17802,441.18854,26.15425
61.17,20.79,FICA4KSvsKP,BayesNet,88,441.2753,13.84601
61.77,20.99,FICA4KSvsKP,NaiveBayes,33,441.31183,31.22444
61.77,20.99,FICA4KSvsKP,NaiveBayesUpdateable,34,441.3483,19.67821
61.45,20.88,FICA4KSvsKP,AdaBoostM1,599,441.94461,39.36707
68.71,23.34,FICA4KSvsKP,Bagging,1238,443.17661,79.80685
52.22,17.74,FICA4KSvsKP,Stacking,51,443.22815,110.15861
61.45,20.88,FICA4KSvsKP,LogitBoost,366,443.58173,35.84873
52.22,17.74,FICA4KSvsKP,Vote,8,443.59021,40.94016
62.05,21.08,FICA4KSvsKP,DecisionTable,376,443.96576,110.31857
64.24,21.8,FICA4KSvsKP,JRip,1699,445.65262,56.62522
56.32,19.07,FICA4KSvsKP,OneR,42,445.69525,75.62948
52.22,17.74,FICA4KSvsKP,ZeroR,4,445.70044,80.39151
63.49,21.57,FICA4KSvsKP,PART,405,446.10794,127.99391
65.8,22.35,FICA4KSvsKP,RandomCommittee,1921,448.02203,102.97744
64.18,21.8,FICA4KSvsKP,J48,270,448.27777,49.79631
65.46,22.24,FICA4KSvsKP,LMT,8176,456.39139,54.9304
69.02,23.45,FICA4KSvsKP,RandomForest,13717,469.93762,43.20568
64.11,21.72,FICA4KSvsKP,RandomTree,220,470.16898,84.72861
64.43,21.87,FICA4KSvsKP,REPTree,171,470.34076,130.93347
75,25.43,FICA4labor,DecisionStump,1,470.34283,130.93347
64.67,21.86,FICA4labor,LibSVM,19,470.36203,135.54401
93.33,31.7,FICA4labor,MultilayerPerceptron,371,470.73483,135.54401
93.33,31.7,FICA4labor,Logistic,10,470.74518,135.54401
93,31.57,FICA4labor,SimpleLogistic,87,470.823,177.04636
93,31.59,FICA4labor,SMO,47,470.86929,120.86608
88,29.87,FICA4labor,IBk,1,470.87119,120.86608
81.33,27.62,FICA4labor,KStar,22,470.8941,120.86608
73.33,24.95,FICA4labor,LWL,8,470.90378,120.86608
72,24.42,FICA4labor,BayesNet,6,470.9104,124.81184
89.33,30.36,FICA4labor,NaiveBayes,1,470.91205,124.81184
89.33,30.36,FICA4labor,NaiveBayesUpdateable,1,470.91364,124.81184
86,29.22,FICA4labor,AdaBoostM1,15,470.92987,128.75758
80.67,27.41,FICA4labor,Bagging,17,470.94693,136.65712
64.67,21.9,FICA4labor,Stacking,4,470.95245,136.65712
89.67,30.45,FICA4labor,LogitBoost,28,470.97861,184.70702
64.67,21.9,FICA4labor,Vote,1,470.98117,184.70702
77,26.11,FICA4labor,DecisionTable,17,470.99997,188.65277
75.33,25.54,FICA4labor,JRip,26,471.01129,192.59851
84,28.49,FICA4labor,OneR,1,471.01321,192.59851
64.67,21.9,FICA4labor,ZeroR,1,471.01428,192.59851
77,26.12,FICA4labor,PART,3,471.01862,196.54431
87.67,29.75,FICA4labor,RandomCommittee,20,471.03915,200.49005
82.67,28.05,FICA4labor,J48,2,471.04254,204.43579
93,31.57,FICA4labor,LMT,124,471.16537,31.66735
89.67,30.45,FICA4labor,RandomForest,109,471.276,71.81915
86.67,29.41,FICA4labor,RandomTree,1,471.27921,71.81915
72.33,24.54,FICA4labor,REPTree,2,471.28201,71.81915
70,23.72,FICA4credit-g,DecisionStump,10,471.29755,74.90771
70,23.65,FICA4credit-g,LibSVM,916,472.21469,118.17648
74.1,25.15,FICA4credit-g,MultilayerPerceptron,6004,478.22537,124.35365
70.6,23.97,FICA4credit-g,Logistic,113,478.33954,145.98224
70.3,23.87,FICA4credit-g,SimpleLogistic,1187,479.52011,109.59537
70,23.65,FICA4credit-g,SMO,112,479.6293,90.33964
65.9,22.31,FICA4credit-g,IBk,76,479.70642,93.11049
67.6,22.94,FICA4credit-g,KStar,9308,489.02075,111.48381
70,23.75,FICA4credit-g,LWL,1755,490.77734,137.91962
68.1,23.11,FICA4credit-g,BayesNet,29,490.80777,149.63968
70.7,24,FICA4credit-g,NaiveBayes,10,490.81903,155.50488
70.7,24,FICA4credit-g,NaiveBayesUpdateable,9,490.82986,158.43405
69.6,23.61,FICA4credit-g,AdaBoostM1,213,491.04233,41.32951
70.8,24.03,FICA4credit-g,Bagging,315,491.35898,143.95901
70,23.68,FICA4credit-g,Stacking,13,491.37357,152.75572
70.7,23.99,FICA4credit-g,LogitBoost,141,491.49539,56.10403
70,23.68,FICA4credit-g,Vote,3,491.49911,58.90384
69.5,23.55,FICA4credit-g,DecisionTable,132,491.63196,117.69984
68,23.04,FICA4credit-g,JRip,210,491.84332,173.70482
66.2,22.39,FICA4credit-g,OneR,19,491.86157,29.46778
70,23.68,FICA4credit-g,ZeroR,2,491.86496,29.46778
68.1,23.07,FICA4credit-g,PART,46,491.91193,37.48309
68.8,23.33,FICA4credit-g,RandomCommittee,498,492.41263,146.9841
70,23.68,FICA4credit-g,J48,32,492.43512,152.32431
69,23.43,FICA4credit-g,LMT,1730,494.16809,44.06017
71.2,24.16,FICA4credit-g,RandomForest,3027,497.17447,105.53261
65.3,22.1,FICA4credit-g,RandomTree,42,497.22894,117.16279
69.7,23.63,FICA4credit-g,REPTree,39,497.26297,31.93471
5.71,2.42,FICA4cpu,DecisionStump,18,497.28796,37.53823
3.81,1.72,FICA4cpu,LibSVM,4036,498.57767,83.10236
7.64,3.04,FICA4cpu,MultilayerPerceptron,218105,716.85138,102.98387
19.64,7.1,FICA4cpu,Logistic,36306896,36671.40234,15.66303
11.98,4.53,FICA4cpu,SimpleLogistic,12950,36684.24219,30.7066
3.81,1.77,FICA4cpu,SMO,149045,36825.44922,115.94904
22.02,7.85,FICA4cpu,IBk,6,36825.46094,121.90018
21.55,7.7,FICA4cpu,KStar,336,36825.79688,148.10439
6.19,2.6,FICA4cpu,LWL,753,36826.55469,169.87756
7.62,3.07,FICA4cpu,BayesNet,43,36826.61328,191.05679
14.38,5.32,FICA4cpu,NaiveBayes,67,36826.69141,247.5603
14.38,5.32,FICA4cpu,NaiveBayesUpdateable,70,36826.76953,304.06815
5.71,2.42,FICA4cpu,AdaBoostM1,41,36826.81641,320.5249
19.14,6.91,FICA4cpu,Bagging,335,36827.14844,439.82294
3.33,1.58,FICA4cpu,Stacking,10,36827.17188,451.19083
21.98,7.85,FICA4cpu,LogitBoost,2470,36829.61719,719.60205
3.33,1.58,FICA4cpu,Vote,4,36829.625,723.40051
7.64,3.07,FICA4cpu,DecisionTable,425,36830.05078,196.57803
10.98,4.14,FICA4cpu,JRip,566,36830.62109,429.95532
7.19,2.86,FICA4cpu,OneR,15,36830.63672,436.43869
3.33,1.58,FICA4cpu,ZeroR,5,36830.64453,442.92203
17.19,6.23,FICA4cpu,PART,549,36831.20313,553.13678
24.4,8.64,FICA4cpu,RandomCommittee,557,36831.76172,91.67474
15.81,5.77,FICA4cpu,J48,85,36831.85156,127.12061
22.5,8.03,FICA4cpu,LMT,44319,36876.19531,421.1759
23.93,8.5,FICA4cpu,RandomForest,3470,36879.66016,217.3902
23,8.16,FICA4cpu,RandomTree,58,36879.71875,237.15173
8.62,3.39,FICA4cpu,REPTree,47,36879.77344,256.91171
83.48,28.3,FICA4ionosphere,DecisionStump,3,36879.77734,256.91171
64.1,21.67,FICA4ionosphere,LibSVM,233,36880.00781,266.79169
86.89,29.48,FICA4ionosphere,MultilayerPerceptron,2151,36882.16016,266.79169
84.92,28.83,FICA4ionosphere,Logistic,48,36882.21094,276.67169
86.9,29.48,FICA4ionosphere,SimpleLogistic,418,36882.62891,424.87726
86.05,29.17,FICA4ionosphere,SMO,50,36882.67969,579.72009
85.74,29.07,FICA4ionosphere,IBk,9,36882.6875,579.72009
84.62,28.73,FICA4ionosphere,KStar,998,36883.68359,153.69003
83.19,28.23,FICA4ionosphere,LWL,211,36883.89453,179.60855
85.17,28.89,FICA4ionosphere,BayesNet,10,36883.91016,179.60855
85.77,29.1,FICA4ionosphere,NaiveBayes,2,36883.91406,188.24805
85.77,29.1,FICA4ionosphere,NaiveBayesUpdateable,3,36883.91797,188.24805
86.89,29.49,FICA4ionosphere,AdaBoostM1,73,36883.98828,205.52824
87.46,29.69,FICA4ionosphere,Bagging,66,36884.05469,231.44934
64.1,21.71,FICA4ionosphere,Stacking,6,36884.05859,231.44934
86.04,29.2,FICA4ionosphere,LogitBoost,56,36884.10547,343.93222
64.1,21.71,FICA4ionosphere,Vote,2,36884.10547,343.93222
83.75,28.41,FICA4ionosphere,DecisionTable,55,36884.16016,361.21124
84.9,28.79,FICA4ionosphere,JRip,114,36884.27734,413.05096
80.64,27.32,FICA4ionosphere,OneR,4,36884.28125,413.05096
64.1,21.71,FICA4ionosphere,ZeroR,1,36884.28516,413.05096
84.06,28.51,FICA4ionosphere,PART,21,36884.30859,413.05096
87.74,29.78,FICA4ionosphere,RandomCommittee,120,36884.42969,447.61017
86.03,29.18,FICA4ionosphere,J48,16,36884.44531,447.61017
86.9,29.49,FICA4ionosphere,LMT,694,36885.13281,207.80359
88.32,29.99,FICA4ionosphere,RandomForest,707,36885.83203,393.73987
83.77,28.4,FICA4ionosphere,RandomTree,14,36885.85938,393.73987
85.46,28.98,FICA4ionosphere,REPTree,10,36885.86719,401.82355
83.24,28.24,FICA4heart-hungary,DecisionStump,4,36885.875,401.82355
63.95,21.62,FICA4heart-hungary,LibSVM,147,36886.02344,409.90771
82.26,27.94,FICA4heart-hungary,MultilayerPerceptron,1799,36887.82031,409.90771
83.62,28.39,FICA4heart-hungary,Logistic,36,36887.85938,417.99084
82.26,27.94,FICA4heart-hungary,SimpleLogistic,347,36888.20703,539.24213
82.25,27.88,FICA4heart-hungary,SMO,44,36888.25391,230.79948
77.18,26.15,FICA4heart-hungary,IBk,7,36888.25,238.91174
80.93,27.47,FICA4heart-hungary,KStar,697,36888.95703,271.36108
80.56,27.36,FICA4heart-hungary,LWL,153,36889.11328,287.59143
83.3,28.28,FICA4heart-hungary,BayesNet,8,36889.12109,295.7037
82.93,28.15,FICA4heart-hungary,NaiveBayes,3,36889.125,295.7037
82.93,28.15,FICA4heart-hungary,NaiveBayesUpdateable,3,36889.12891,295.7037
82.92,28.15,FICA4heart-hungary,AdaBoostM1,59,36889.1875,311.93701
80.89,27.47,FICA4heart-hungary,Bagging,54,36889.24219,336.27441
63.95,21.66,FICA4heart-hungary,Stacking,5,36889.24609,336.27441
82.28,27.93,FICA4heart-hungary,LogitBoost,53,36889.28906,433.88843
63.95,21.66,FICA4heart-hungary,Vote,2,36889.28906,433.88843
80.9,27.47,FICA4heart-hungary,DecisionTable,41,36889.33203,450.11676
82.57,28.01,FICA4heart-hungary,JRip,51,36889.38672,474.45456
80.21,27.19,FICA4heart-hungary,OneR,4,36889.39063,474.45456
63.95,21.66,FICA4heart-hungary,ZeroR,1,36889.39063,474.45456
81.59,27.69,FICA4heart-hungary,PART,10,36889.40234,474.45456
77.84,26.42,FICA4heart-hungary,RandomCommittee,93,36889.49609,498.79242
82.9,28.12,FICA4heart-hungary,J48,9,36889.50391,498.79242
82.26,27.94,FICA4heart-hungary,LMT,517,36890.01953,232.26529
79.55,27.02,FICA4heart-hungary,RandomForest,519,36890.53906,393.15192
72.7,24.63,FICA4heart-hungary,RandomTree,8,36890.54688,393.15192
80.89,27.45,FICA4heart-hungary,REPTree,6,36890.55078,393.15192
25.55,8.96,FICA4JapaneseVowel,DecisionStump,186,36890.75781,428.22665
16.2,5.76,FICA4JapaneseVowel,LibSVM,152975,37043.66406,381.09369
66.38,22.7,FICA4JapaneseVowel,MultilayerPerceptron,188652,37232.48047,453.19464
60.28,20.65,FICA4JapaneseVowel,Logistic,20151,37252.62109,325.38617
60.13,20.6,FICA4JapaneseVowel,SimpleLogistic,60074,37312.33594,296.54602
61.75,21.11,FICA4JapaneseVowel,SMO,7464,37319.42969,348.95209
69.43,23.67,FICA4JapaneseVowel,IBk,5327,37324.76563,376.88339
74.69,25.49,FICA4JapaneseVowel,KStar,1011824,38336.76563,90.48755
43.6,15.06,FICA4JapaneseVowel,LWL,331461,38667.71875,77.43786
62.17,21.29,FICA4JapaneseVowel,BayesNet,536,38668.26563,79.47519
60.78,20.82,FICA4JapaneseVowel,NaiveBayes,213,38668.5,131.07738
60.78,20.82,FICA4JapaneseVowel,NaiveBayesUpdateable,209,38668.73047,130.96326
25.55,8.96,FICA4JapaneseVowel,AdaBoostM1,249,38668.98047,90.27548
73.48,25.08,FICA4JapaneseVowel,Bagging,5812,38674.78125,153.40823
16.2,5.8,FICA4JapaneseVowel,Stacking,175,38674.96484,261.27448
62.92,21.53,FICA4JapaneseVowel,LogitBoost,9589,38684.48828,277.0968
16.2,5.8,FICA4JapaneseVowel,Vote,26,38684.52344,296.06668
60.23,20.63,FICA4JapaneseVowel,DecisionTable,2928,38687.45313,169.49617
62.73,21.45,FICA4JapaneseVowel,JRip,46112,38733.01563,484.57791
29.54,10.25,FICA4JapaneseVowel,OneR,184,38733.20313,558.74536
16.2,5.8,FICA4JapaneseVowel,ZeroR,18,38733.23828,579.91663
69.29,23.64,FICA4JapaneseVowel,PART,36618,38769.87109,543.23425
71.74,24.49,FICA4JapaneseVowel,RandomCommittee,8782,38778.62891,265.08197
70.01,23.88,FICA4JapaneseVowel,J48,3402,38782.03516,429.24924
72.29,24.68,FICA4JapaneseVowel,LMT,331409,39111.76563,113.84977
74.73,25.5,FICA4JapaneseVowel,RandomForest,53491,39164.39844,508.18683
67.12,22.89,FICA4JapaneseVowel,RandomTree,828,39165.24219,661.85382
68.99,23.56,FICA4JapaneseVowel,REPTree,687,39165.91406,228.37096
73.53,24.91,FICA4haberman,DecisionStump,2,39165.92188,228.37096
73.53,24.84,FICA4haberman,LibSVM,110,39166.02734,240.15564
72.16,24.47,FICA4haberman,MultilayerPerceptron,1719,39167.75,240.15564
73.51,24.9,FICA4haberman,Logistic,30,39167.78125,251.94028
72.53,24.55,FICA4haberman,SimpleLogistic,338,39168.12109,381.5751
73.53,24.84,FICA4haberman,SMO,44,39168.15625,534.16754
64.06,21.67,FICA4haberman,IBk,8,39168.17578,534.16754
66.96,22.71,FICA4haberman,KStar,723,39168.89844,569.52368
71.89,24.38,FICA4haberman,LWL,142,39169.03906,593.09509
73.53,24.88,FICA4haberman,BayesNet,8,39169.05078,593.09509
70.25,23.81,FICA4haberman,NaiveBayes,4,39169.05469,604.8797
70.25,23.81,FICA4haberman,NaiveBayesUpdateable,4,39169.05859,604.8797
69.92,23.71,FICA4haberman,AdaBoostM1,58,39169.11719,616.66431
71.85,24.37,FICA4haberman,Bagging,68,39169.18359,652.01917
73.53,24.86,FICA4haberman,Stacking,5,39169.19141,652.01917
73.84,25.02,FICA4haberman,LogitBoost,77,39169.23047,202.05994
73.53,24.86,FICA4haberman,Vote,1,39169.23047,202.05994
73.53,24.86,FICA4haberman,DecisionTable,38,39169.25781,222.49449
73.51,24.87,FICA4haberman,JRip,53,39169.32031,242.92987
68.96,23.31,FICA4haberman,OneR,4,39169.32422,242.92987
73.53,24.86,FICA4haberman,ZeroR,0,39169.32422,242.92987
73.53,24.86,FICA4haberman,PART,6,39169.33594,242.92987
66.6,22.57,FICA4haberman,RandomCommittee,119,39169.45703,273.58173
73.53,24.86,FICA4haberman,J48,6,39169.46094,283.80283
72.53,24.55,FICA4haberman,LMT,1956,39171.41797,498.33624
67.62,22.95,FICA4haberman,RandomForest,760,39172.17969,155.97638
68.25,23.1,FICA4haberman,RandomTree,12,39172.19141,155.97638
72.19,24.42,FICA4haberman,REPTree,8,39172.1875,155.97638
77.54,26.3,FICA4credit-a,DecisionStump,6,39172.20703,166.22208
55.94,18.93,FICA4credit-a,LibSVM,601,39172.80859,196.96574
82.32,27.95,FICA4credit-a,MultilayerPerceptron,3856,39176.67188,196.96574
82.9,28.14,FICA4credit-a,Logistic,80,39176.75,217.45712
82.46,27.99,FICA4credit-a,SimpleLogistic,770,39177.51953,483.84906
83.04,28.15,FICA4credit-a,SMO,75,39177.59766,639.05756
73.19,24.8,FICA4credit-a,IBk,37,39177.63281,639.05756
77.83,26.42,FICA4credit-a,KStar,4028,39181.65234,275.453
77.1,26.18,FICA4credit-a,LWL,760,39182.42578,376.95645
79.13,26.86,FICA4credit-a,BayesNet,16,39182.44141,386.18231
75.22,25.55,FICA4credit-a,NaiveBayes,7,39182.44922,386.18231
75.22,25.55,FICA4credit-a,NaiveBayesUpdateable,6,39182.45703,386.18231
80,27.15,FICA4credit-a,AdaBoostM1,125,39182.58594,423.09052
80.14,27.21,FICA4credit-a,Bagging,152,39182.73828,478.44891
55.51,18.84,FICA4credit-a,Stacking,10,39182.74609,487.67477
80.29,27.27,FICA4credit-a,LogitBoost,81,39182.82422,622.06769
55.51,18.84,FICA4credit-a,Vote,2,39182.82422,622.06769
78.7,26.71,FICA4credit-a,DecisionTable,90,39182.91406,649.7453
78.99,26.79,FICA4credit-a,JRip,210,39183.125,199.16072
75.65,25.64,FICA4credit-a,OneR,9,39183.13281,199.16072
55.51,18.84,FICA4credit-a,ZeroR,0,39183.13672,199.16072
78.12,26.51,FICA4credit-a,PART,33,39183.17188,207.91425
74.64,25.34,FICA4credit-a,RandomCommittee,268,39183.44141,277.93719
77.83,26.4,FICA4credit-a,J48,27,39183.46484,277.93719
81.3,27.6,FICA4credit-a,LMT,1465,39184.93359,255.7916
78.41,26.63,FICA4credit-a,RandomForest,1589,39186.52344,183.95164
75.36,25.54,FICA4credit-a,RandomTree,25,39186.54688,183.95164
78.12,26.51,FICA4credit-a,REPTree,16,39186.5625,193.11902
46.17,15.88,FICA4dermatology,DecisionStump,5,39186.57422,193.11902
30.6,10.54,FICA4dermatology,LibSVM,246,39186.81641,211.44795
90.73,30.86,FICA4dermatology,MultilayerPerceptron,4805,39191.625,211.44795
90.99,30.95,FICA4dermatology,Logistic,1030,39192.66016,321.41925
89.07,30.3,FICA4dermatology,SimpleLogistic,1212,39193.87109,614.68768
86.34,29.33,FICA4dermatology,SMO,504,39194.35547,410.20764
90.16,30.64,FICA4dermatology,IBk,10,39194.36719,412.38586
89.62,30.48,FICA4dermatology,KStar,1065,39195.43359,464.6687
79.23,26.99,FICA4dermatology,LWL,304,39195.73047,492.99622
84.7,28.84,FICA4dermatology,BayesNet,14,39195.75391,499.5307
87.47,29.76,FICA4dermatology,NaiveBayes,6,39195.75781,503.88712
87.47,29.76,FICA4dermatology,NaiveBayesUpdateable,6,39195.76563,510.42175
46.17,15.88,FICA4dermatology,AdaBoostM1,10,39195.76563,514.78973
87.97,29.93,FICA4dermatology,Bagging,66,39195.84766,540.94128
30.6,10.58,FICA4dermatology,Stacking,6,39195.85156,545.29767
87.42,29.74,FICA4dermatology,LogitBoost,219,39196.06641,734.28314
30.6,10.58,FICA4dermatology,Vote,2,39196.07031,736.4613
81.16,27.64,FICA4dermatology,DecisionTable,65,39196.125,157.86162
87.19,29.66,FICA4dermatology,JRip,115,39196.25,205.89154
58.45,19.94,FICA4dermatology,OneR,5,39196.25391,208.89304
30.6,10.58,FICA4dermatology,ZeroR,1,39196.25781,211.89453
84.71,28.83,FICA4dermatology,PART,17,39196.27344,214.89618
87.7,29.83,FICA4dermatology,RandomCommittee,96,39196.36328,238.92636
86.36,29.38,FICA4dermatology,J48,16,39196.38672,241.92787
89.07,30.3,FICA4dermatology,LMT,2727,39199.11328,230.46783
89.07,30.3,FICA4dermatology,RandomForest,603,39199.71484,405.95966
86.88,29.53,FICA4dermatology,RandomTree,9,39199.72266,405.95966
86.88,29.56,FICA4dermatology,REPTree,5,39199.73828,412.22693
66.01,22.4,FICA4diabetes,DecisionStump,7,39199.75,412.22693
65.11,22.01,FICA4diabetes,LibSVM,595,39200.34766,443.56345
71.63,24.33,FICA4diabetes,MultilayerPerceptron,4316,39204.66797,449.83072
72.54,24.64,FICA4diabetes,Logistic,70,39204.73828,462.3653
71.89,24.42,FICA4diabetes,SimpleLogistic,851,39205.58984,760.9895
72.54,24.56,FICA4diabetes,SMO,79,39205.66406,317.72397
65.63,22.22,FICA4diabetes,IBk,41,39205.70703,317.72397
66.28,22.5,FICA4diabetes,KStar,5194,39210.90625,543.80408
66.27,22.52,FICA4diabetes,LWL,1011,39211.91797,661.03503
69.54,23.61,FICA4diabetes,BayesNet,23,39211.9375,669.40814
72.15,24.5,FICA4diabetes,NaiveBayes,8,39211.95313,677.78381
72.15,24.5,FICA4diabetes,NaiveBayesUpdateable,7,39211.96094,677.78381
71.36,24.23,FICA4diabetes,AdaBoostM1,144,39212.10938,711.27881
70.58,23.96,FICA4diabetes,Bagging,211,39212.30469,178.01221
65.11,22.04,FICA4diabetes,Stacking,18,39212.33594,187.27345
72.01,24.45,FICA4diabetes,LogitBoost,102,39212.42578,338.36023
65.11,22.04,FICA4diabetes,Vote,3,39212.42969,338.36023
69.54,23.61,FICA4diabetes,DecisionTable,94,39212.51563,375.40518
68.62,23.27,FICA4diabetes,JRip,234,39212.76172,458.76453
62.62,21.19,FICA4diabetes,OneR,10,39212.77344,468.02576
65.11,22.04,FICA4diabetes,ZeroR,1,39212.77344,468.02576
68.63,23.29,FICA4diabetes,PART,42,39212.81641,468.02576
66.81,22.67,FICA4diabetes,RandomCommittee,347,39213.15625,551.38513
68.36,23.19,FICA4diabetes,J48,29,39213.19531,560.64636
72.02,24.46,FICA4diabetes,LMT,1526,39214.72266,436.24182
70.96,24.1,FICA4diabetes,RandomForest,2108,39216.83203,357.39661
64.07,21.69,FICA4diabetes,RandomTree,42,39216.86328,367.23425
69.26,23.51,FICA4diabetes,REPTree,19,39216.89453,377.07187
44.42,15.25,FICA4Glass,DecisionStump,2,39216.89844,377.07187
35.5,12.18,FICA4Glass,LibSVM,116,39217.01563,386.90979
67.38,22.99,FICA4Glass,MultilayerPerceptron,3128,39220.14453,386.90979
62.16,21.23,FICA4Glass,Logistic,163,39220.30859,406.58524
60.28,20.6,FICA4Glass,SimpleLogistic,729,39221.04297,573.82544
50.89,17.42,FICA4Glass,SMO,510,39221.52734,598.2937
71.41,24.3,FICA4Glass,IBk,3,39221.53125,598.2937
70.54,24.05,FICA4Glass,KStar,358,39221.89453,618.80774
48.12,16.54,FICA4Glass,LWL,116,39222.01172,627.60071
48.1,16.5,FICA4Glass,BayesNet,7,39222.01953,630.53119
56.49,19.34,FICA4Glass,NaiveBayes,4,39222.02344,633.46173
56.49,19.34,FICA4Glass,NaiveBayesUpdateable,4,39222.02734,636.39227
44.42,15.25,FICA4Glass,AdaBoostM1,9,39222.02734,642.25348
62.64,21.39,FICA4Glass,Bagging,65,39222.10156,665.69885
35.5,12.22,FICA4Glass,Stacking,4,39222.10547,668.62933
68.2,23.26,FICA4Glass,LogitBoost,159,39222.25,206.65599
35.5,12.22,FICA4Glass,Vote,2,39222.25391,206.65599
50.48,17.3,FICA4Glass,DecisionTable,42,39222.29688,222.51593
59.85,20.43,FICA4Glass,JRip,84,39222.37109,256.87933
54.68,18.65,FICA4Glass,OneR,3,39222.38281,259.52264
35.5,12.22,FICA4Glass,ZeroR,0,39222.38672,259.52264
56.54,19.32,FICA4Glass,PART,39,39222.42578,267.45407
59.81,20.44,FICA4Glass,RandomCommittee,100,39222.51953,293.88858
60.74,20.72,FICA4Glass,J48,21,39222.55078,299.17535
60.28,20.59,FICA4Glass,LMT,2120,39224.67578,756.48511
68.16,23.26,FICA4Glass,RandomForest,574,39225.24609,306.63046
62.51,21.3,FICA4Glass,RandomTree,13,39225.26172,306.63046
59.31,20.25,FICA4Glass,REPTree,9,39225.26953,312.51672
94.14,31.95,FICA4breast-w,DecisionStump,7,39225.26953,312.51672
65.52,22.14,FICA4breast-w,LibSVM,550,39225.82813,341.96014
96.43,32.75,FICA4breast-w,MultilayerPerceptron,4225,39230.05859,341.96014
96.86,32.9,FICA4breast-w,Logistic,127,39230.18359,365.50458
96.43,32.76,FICA4breast-w,SimpleLogistic,860,39231.04688,648.04559
97,32.94,FICA4breast-w,SMO,66,39231.10938,192.55115
95.28,32.35,FICA4breast-w,IBk,32,39231.12891,192.55115
91.99,31.25,FICA4breast-w,KStar,3648,39234.78906,376.03741
95,32.26,FICA4breast-w,LWL,742,39235.53516,478.80536
94.85,32.22,FICA4breast-w,BayesNet,19,39235.55859,486.14435
95.57,32.45,FICA4breast-w,NaiveBayes,7,39235.56641,486.14435
95.57,32.45,FICA4breast-w,NaiveBayesUpdateable,7,39235.57422,493.48337
94.71,32.17,FICA4breast-w,AdaBoostM1,107,39235.68359,522.84418
96,32.6,FICA4breast-w,Bagging,99,39235.78516,559.54681
65.52,22.18,FICA4breast-w,Stacking,11,39235.79688,566.88586
96.14,32.66,FICA4breast-w,LogitBoost,79,39235.87109,722.64948
65.52,22.18,FICA4breast-w,Vote,2,39235.875,722.64948
94.42,32.07,FICA4breast-w,DecisionTable,103,39235.97656,759.34448
95.28,32.35,FICA4breast-w,JRip,123,39236.09766,171.33904
94.28,31.99,FICA4breast-w,OneR,9,39236.11328,171.33904
65.52,22.18,FICA4breast-w,ZeroR,1,39236.11328,171.33904
96.57,32.79,FICA4breast-w,PART,33,39236.14453,179.51938
95.57,32.45,FICA4breast-w,RandomCommittee,161,39236.30859,212.24075
94.99,32.25,FICA4breast-w,J48,20,39236.32813,212.24075
96.43,32.76,FICA4breast-w,LMT,1680,39238.01172,727.61731
96,32.6,FICA4breast-w,RandomForest,929,39238.94141,331.41464
94.42,32.05,FICA4breast-w,RandomTree,12,39238.95703,341.1983
94.99,32.25,FICA4breast-w,REPTree,10,39238.96484,341.1983
71.46,24.23,FICA4horse-colic,DecisionStump,2,39238.96875,341.1983
63.05,21.31,FICA4horse-colic,LibSVM,205,39239.17188,350.9845
73.38,24.91,FICA4horse-colic,MultilayerPerceptron,2235,39241.41406,350.9845
75.27,25.55,FICA4horse-colic,Logistic,47,39241.46094,360.76819
75.26,25.55,FICA4horse-colic,SimpleLogistic,446,39241.89453,517.31097
74.99,25.4,FICA4horse-colic,SMO,49,39241.95703,669.90344
65.21,22.09,FICA4horse-colic,IBk,11,39241.96875,669.90344
68.22,23.15,FICA4horse-colic,KStar,1113,39243.08203,728.6059
71.46,24.26,FICA4horse-colic,LWL,230,39243.30469,757.95819
73.63,24.97,FICA4horse-colic,BayesNet,10,39243.32422,757.95819
76.34,25.9,FICA4horse-colic,NaiveBayes,4,39243.33203,757.95819
76.34,25.9,FICA4horse-colic,NaiveBayesUpdateable,6,39243.33984,767.74188
73.9,25.08,FICA4horse-colic,AdaBoostM1,77,39243.41406,777.52551
74.73,25.35,FICA4horse-colic,Bagging,102,39243.51563,184.00604
63.05,21.36,FICA4horse-colic,Stacking,10,39243.52734,184.00604
75.53,25.62,FICA4horse-colic,LogitBoost,63,39243.57813,325.43414
63.05,21.36,FICA4horse-colic,Vote,1,39243.57813,325.43414
72.55,24.61,FICA4horse-colic,DecisionTable,51,39243.62891,344.35284
73.36,24.87,FICA4horse-colic,JRip,74,39243.69531,372.7309
70.92,24.02,FICA4horse-colic,OneR,6,39243.71094,372.7309
63.05,21.36,FICA4horse-colic,ZeroR,1,39243.71484,372.7309
74.45,25.25,FICA4horse-colic,PART,18,39243.73438,372.7309
66.29,22.5,FICA4horse-colic,RandomCommittee,159,39243.89063,420.02814
72.82,24.7,FICA4horse-colic,J48,10,39243.90625,420.02814
75.26,25.54,FICA4horse-colic,LMT,649,39244.55469,637.60718
74.47,25.27,FICA4horse-colic,RandomForest,878,39245.42969,267.29269
65.49,22.18,FICA4horse-colic,RandomTree,19,39245.44922,276.57129
72.85,24.72,FICA4horse-colic,REPTree,9,39245.45703,276.57129
67.18,22.8,FICA4molecular-biology-promoters,DecisionStump,1,39245.46094,276.57129
73.36,24.89,FICA4molecular-biology-promoters,LibSVM,32,39245.49609,285.85022
87.91,29.87,FICA4molecular-biology-promoters,MultilayerPerceptron,645,39246.14063,285.85022
91.64,31.12,FICA4molecular-biology-promoters,Logistic,19,39246.16016,285.85022
91.64,31.12,FICA4molecular-biology-promoters,SimpleLogistic,142,39246.30469,350.80411
87.91,29.84,FICA4molecular-biology-promoters,SMO,40,39246.34766,497.41589
80.55,27.32,FICA4molecular-biology-promoters,IBk,2,39246.35156,497.41589
77.55,26.35,FICA4molecular-biology-promoters,KStar,78,39246.42969,506.69452
76.55,26.01,FICA4molecular-biology-promoters,LWL,26,39246.45313,506.69452
82.27,27.94,FICA4molecular-biology-promoters,BayesNet,6,39246.46484,506.69452
86.91,29.52,FICA4molecular-biology-promoters,NaiveBayes,1,39246.46484,506.69452
86.91,29.52,FICA4molecular-biology-promoters,NaiveBayesUpdateable,1,39246.46875,515.97382
83.27,28.29,FICA4molecular-biology-promoters,AdaBoostM1,24,39246.48047,515.97382
84.18,28.6,FICA4molecular-biology-promoters,Bagging,19,39246.5,525.2525
47.27,16.09,FICA4molecular-biology-promoters,Stacking,3,39246.51172,525.2525
84.18,28.6,FICA4molecular-biology-promoters,LogitBoost,20,39246.53516,653.03235
47.27,16.09,FICA4molecular-biology-promoters,Vote,1,39246.53516,653.03235
82.27,27.93,FICA4molecular-biology-promoters,DecisionTable,23,39246.54688,662.31091
82.27,27.91,FICA4molecular-biology-promoters,JRip,14,39246.57422,671.58948
69.82,23.66,FICA4molecular-biology-promoters,OneR,2,39246.57813,671.58948
47.27,16.09,FICA4molecular-biology-promoters,ZeroR,0,39246.57813,671.58948
84.27,28.6,FICA4molecular-biology-promoters,PART,4,39246.58203,671.58948
82.36,27.97,FICA4molecular-biology-promoters,RandomCommittee,25,39246.60547,680.86816
82.36,27.94,FICA4molecular-biology-promoters,J48,3,39246.60938,680.86816
91.64,31.12,FICA4molecular-biology-promoters,LMT,233,39246.82813,180.94055
86,29.22,FICA4molecular-biology-promoters,RandomForest,169,39247.00781,238.03824
75.91,25.74,FICA4molecular-biology-promoters,RandomTree,2,39247.01172,238.03824
85.18,28.91,FICA4molecular-biology-promoters,REPTree,2,39247.01563,238.03824
70.65,23.94,FICA4breast-cancer,DecisionStump,4,39247.01953,238.03824
70.3,23.75,FICA4breast-cancer,LibSVM,137,39247.16016,246.19492
70.3,23.86,FICA4breast-cancer,MultilayerPerceptron,1719,39248.88281,254.35158
72.41,24.57,FICA4breast-cancer,Logistic,26,39248.91016,254.35158
72.06,24.46,FICA4breast-cancer,SimpleLogistic,334,39249.24219,376.70294
72.08,24.38,FICA4breast-cancer,SMO,58,39249.30469,531.93048
68.18,23.08,FICA4breast-cancer,IBk,7,39249.3125,540.08728
66.44,22.52,FICA4breast-cancer,KStar,653,39249.96484,572.71606
72.75,24.66,FICA4breast-cancer,LWL,126,39250.08984,589.03137
70.31,23.83,FICA4breast-cancer,BayesNet,6,39250.10156,589.03137
71.35,24.21,FICA4breast-cancer,NaiveBayes,3,39250.10547,589.03137
71.35,24.21,FICA4breast-cancer,NaiveBayesUpdateable,2,39250.10938,597.18805
71.35,24.2,FICA4breast-cancer,AdaBoostM1,52,39250.16016,605.34473
74.16,25.14,FICA4breast-cancer,Bagging,70,39250.23438,637.97589
70.3,23.78,FICA4breast-cancer,Stacking,4,39250.23828,637.97589
68.9,23.38,FICA4breast-cancer,LogitBoost,39,39250.27344,185.62793
70.3,23.78,FICA4breast-cancer,Vote,1,39250.27734,185.62793
70.65,23.93,FICA4breast-cancer,DecisionTable,35,39250.30859,200.9725
71,24.04,FICA4breast-cancer,JRip,42,39250.35156,216.31714
72.7,24.6,FICA4breast-cancer,OneR,4,39250.35547,216.31714
70.3,23.78,FICA4breast-cancer,ZeroR,0,39250.35547,216.31714
74.16,25.12,FICA4breast-cancer,PART,7,39250.36328,216.31714
68.81,23.33,FICA4breast-cancer,RandomCommittee,117,39250.48047,247.00732
74.51,25.23,FICA4breast-cancer,J48,6,39250.48828,254.67963
70.99,24.1,FICA4breast-cancer,LMT,452,39250.9375,415.80933
72.34,24.53,FICA4breast-cancer,RandomForest,700,39251.64453,607.62201
63.6,21.53,FICA4breast-cancer,RandomTree,11,39251.65625,615.29425
73.07,24.76,FICA4breast-cancer,REPTree,9,39251.66406,615.29425
96.57,32.8,FICA4bankrupt_qualitative,DecisionStump,2,39251.66797,615.29425
59.97,20.28,FICA4bankrupt_qualitative,LibSVM,66,39251.73438,622.96716
97.16,33,FICA4bankrupt_qualitative,MultilayerPerceptron,1044,39252.78125,622.96716
97.12,32.99,FICA4bankrupt_qualitative,Logistic,33,39252.8125,630.63947
97.12,32.99,FICA4bankrupt_qualitative,SimpleLogistic,221,39253.03516,707.37
97.71,33.2,FICA4bankrupt_qualitative,SMO,42,39253.07813,311.50119
95.42,32.4,FICA4bankrupt_qualitative,IBk,4,39253.08203,319.93848
94.28,32.02,FICA4bankrupt_qualitative,KStar,216,39253.30078,328.37579
96.57,32.8,FICA4bankrupt_qualitative,LWL,40,39253.34375,336.81305
94.8,32.21,FICA4bankrupt_qualitative,BayesNet,4,39253.34766,336.81305
97.71,33.19,FICA4bankrupt_qualitative,NaiveBayes,1,39253.34766,336.81305
97.71,33.19,FICA4bankrupt_qualitative,NaiveBayesUpdateable,2,39253.35156,336.81305
96.57,32.8,FICA4bankrupt_qualitative,AdaBoostM1,39,39253.37891,353.68756
97.12,32.98,FICA4bankrupt_qualitative,Bagging,20,39253.40234,362.13263
59.97,20.33,FICA4bankrupt_qualitative,Stacking,4,39253.41797,362.13263
96.57,32.81,FICA4bankrupt_qualitative,LogitBoost,26,39253.4375,477.97073
59.97,20.33,FICA4bankrupt_qualitative,Vote,1,39253.44141,477.97073
95.39,32.4,FICA4bankrupt_qualitative,DecisionTable,22,39253.46484,486.4086
95.39,32.39,FICA4bankrupt_qualitative,JRip,12,39253.47656,494.84586
95.95,32.58,FICA4bankrupt_qualitative,OneR,2,39253.48047,494.84586
59.97,20.33,FICA4bankrupt_qualitative,ZeroR,1,39253.48047,494.84586
96.01,32.61,FICA4bankrupt_qualitative,PART,5,39253.48828,494.84586
94.25,32,FICA4bankrupt_qualitative,RandomCommittee,29,39253.51953,503.28363
96.57,32.8,FICA4bankrupt_qualitative,J48,3,39253.52344,503.28363
97.12,32.99,FICA4bankrupt_qualitative,LMT,284,39253.80859,612.97565
94.84,32.22,FICA4bankrupt_qualitative,RandomForest,192,39254,680.48944
93.07,31.6,FICA4bankrupt_qualitative,RandomTree,3,39254.00391,680.48944
96.57,32.8,FICA4bankrupt_qualitative,REPTree,2,39254.00391,680.48944
67.41,22.87,FICA4heart-stalog,DecisionStump,2,39254.00781,688.92676
55.56,18.8,FICA4heart-stalog,LibSVM,135,39254.14844,688.92676
80,27.17,FICA4heart-stalog,MultilayerPerceptron,1615,39255.76172,693.48584
83.33,28.3,FICA4heart-stalog,Logistic,36,39255.80078,163.21506
83.33,28.29,FICA4heart-stalog,SimpleLogistic,311,39256.10938,281.13458
84.81,28.76,FICA4heart-stalog,SMO,44,39256.15234,433.72705
80,27.12,FICA4heart-stalog,IBk,6,39256.16016,441.0965
77.78,26.41,FICA4heart-stalog,KStar,556,39256.71094,463.20694
71.48,24.3,FICA4heart-stalog,LWL,113,39256.83594,485.31906
80,27.16,FICA4heart-stalog,BayesNet,6,39256.84375,485.31906
84.07,28.54,FICA4heart-stalog,NaiveBayes,2,39256.84766,485.31906
84.07,28.54,FICA4heart-stalog,NaiveBayesUpdateable,3,39256.84766,492.68854
80.37,27.3,FICA4heart-stalog,AdaBoostM1,51,39256.89063,500.0658
83.33,28.3,FICA4heart-stalog,Bagging,48,39256.94922,522.17584
55.56,18.85,FICA4heart-stalog,Stacking,4,39256.95703,529.54535
79.63,27.04,FICA4heart-stalog,LogitBoost,44,39256.99219,640.91595
55.56,18.85,FICA4heart-stalog,Vote,2,39256.99609,640.91595
78.89,26.78,FICA4heart-stalog,DecisionTable,31,39257.02344,655.65497
81.11,27.51,FICA4heart-stalog,JRip,43,39257.07031,675.84515
71.11,24.09,FICA4heart-stalog,OneR,3,39257.07422,675.84515
55.56,18.85,FICA4heart-stalog,ZeroR,1,39257.07422,675.84515
82.96,28.15,FICA4heart-stalog,PART,10,39257.08594,675.84515
81.85,27.79,FICA4heart-stalog,RandomCommittee,77,39257.14844,181.65631
83.7,28.39,FICA4heart-stalog,J48,10,39257.17188,181.65631
83.33,28.29,FICA4heart-stalog,LMT,492,39257.66797,362.06256
84.07,28.55,FICA4heart-stalog,RandomForest,509,39258.17188,510.27032
75.93,25.73,FICA4heart-stalog,RandomTree,7,39258.17188,510.27032
80,27.15,FICA4heart-stalog,REPTree,5,39258.1875,510.27032
55,18.75,FICA4lung-cancer,DecisionStump,1,39258.19141,510.27032
40,13.62,FICA4lung-cancer,LibSVM,10,39258.19141,516.71313
47.5,16.27,FICA4lung-cancer,MultilayerPerceptron,249,39258.44922,516.71313
63.33,21.58,FICA4lung-cancer,Logistic,13,39258.46484,516.71313
50.83,17.37,FICA4lung-cancer,SimpleLogistic,68,39258.53516,555.38104
44.17,15.15,FICA4lung-cancer,SMO,101,39258.63281,529.57629
43.33,14.78,FICA4lung-cancer,IBk,1,39258.63281,529.57629
52.5,17.93,FICA4lung-cancer,KStar,7,39258.64063,529.57629
47.5,16.25,FICA4lung-cancer,LWL,3,39258.64453,529.57629
55,18.75,FICA4lung-cancer,BayesNet,3,39258.64844,529.57629
60,20.45,FICA4lung-cancer,NaiveBayes,1,39258.64844,529.57629
60,20.45,FICA4lung-cancer,NaiveBayesUpdateable,0,39258.65234,529.57629
51.67,17.62,FICA4lung-cancer,AdaBoostM1,11,39258.66016,536.37439
39.17,13.45,FICA4lung-cancer,Bagging,11,39258.67188,536.37439
40,13.68,FICA4lung-cancer,Stacking,2,39258.67578,543.17242
55.83,18.99,FICA4lung-cancer,LogitBoost,21,39258.69922,647.67859
40,13.68,FICA4lung-cancer,Vote,1,39258.69922,647.67859
51.67,17.62,FICA4lung-cancer,DecisionTable,8,39258.70703,652.68579
43.33,14.8,FICA4lung-cancer,JRip,5,39258.71094,652.68579
41.67,14.22,FICA4lung-cancer,OneR,1,39258.71484,652.68579
40,13.68,FICA4lung-cancer,ZeroR,3,39258.71484,161.01556
34.17,11.7,FICA4lung-cancer,PART,1,39258.71875,161.01556
50,17.05,FICA4lung-cancer,RandomCommittee,18,39258.73438,165.52939
47.5,16.18,FICA4lung-cancer,J48,3,39258.73828,165.52939
50.83,17.37,FICA4lung-cancer,LMT,134,39258.875,224.21497
38.33,13.18,FICA4lung-cancer,RandomForest,74,39258.94922,260.33234
44.17,15.05,FICA4lung-cancer,RandomTree,2,39258.94922,260.33234
35,11.99,FICA4lung-cancer,REPTree,1,39258.95313,260.33234
40.27,13.87,FICA4solar-flare,DecisionStump,116,0.16765,9.03078
27.26,9.42,FICA4solar-flare,LibSVM,679,0.8506,23.76891
68.09,23.23,FICA4solar-flare,MultilayerPerceptron,4901,5.75578,26.32915
65.3,22.31,FICA4solar-flare,Logistic,405,6.14836,26.51215
64.37,21.99,FICA4solar-flare,SimpleLogistic,1530,7.49114,48.95147
65.9,22.46,FICA4solar-flare,SMO,1759,8.98779,476.66211
65.03,22.18,FICA4solar-flare,IBk,76,9.07014,478.25949
62.85,21.47,FICA4solar-flare,KStar,741,9.81583,519.34033
64.99,22.18,FICA4solar-flare,LWL,321,10.13519,17.69365
59.06,20.21,FICA4solar-flare,BayesNet,94,10.23115,22.16965
60.07,20.54,FICA4solar-flare,NaiveBayes,66,10.30199,26.64574
60.07,20.54,FICA4solar-flare,NaiveBayesUpdateable,26,10.32998,31.12194
40.27,13.87,FICA4solar-flare,AdaBoostM1,33,10.36497,35.59798
68.7,23.44,FICA4solar-flare,Bagging,333,10.69048,69.63709
27.26,9.47,FICA4solar-flare,Stacking,29,10.73095,74.11312
66.5,22.7,FICA4solar-flare,LogitBoost,454,11.18082,268.1825
27.26,9.47,FICA4solar-flare,Vote,4,11.18676,269.07791
64.98,22.18,FICA4solar-flare,DecisionTable,214,11.39909,294.14966
65.92,22.49,FICA4solar-flare,JRip,254,11.655,348.76797
56.93,19.42,FICA4solar-flare,OneR,70,11.72693,350.55844
27.26,9.47,FICA4solar-flare,ZeroR,1,11.72984,351.45361
64.98,22.17,FICA4solar-flare,PART,437,12.16641,363.98917
64.69,22.08,FICA4solar-flare,RandomCommittee,316,12.4826,404.30005
63.75,21.76,FICA4solar-flare,J48,61,12.54682,412.35739
64.37,21.99,FICA4solar-flare,LMT,2634,15.18185,336.72397
66.88,22.82,FICA4solar-flare,RandomForest,985,16.16901,606.71576
62.53,21.33,FICA4solar-flare,RandomTree,11,16.18239,611.00092
64.66,22.08,FICA4solar-flare,REPTree,10,16.19321,615.28607
62.94,21.32,FICA4monk-problems-2,DecisionStump,4,16.20719,619.57123
63.73,21.54,FICA4monk-problems-2,LibSVM,346,16.55485,636.71698
62.55,21.18,FICA4monk-problems-2,MultilayerPerceptron,3151,19.70889,636.71698
63.73,21.58,FICA4monk-problems-2,Logistic,50,19.76036,649.57251
63.73,21.58,FICA4monk-problems-2,SimpleLogistic,569,20.32138,189.50989
63.73,21.54,FICA4monk-problems-2,SMO,62,20.38583,342.10236
65.88,22.3,FICA4monk-problems-2,IBk,31,20.41845,342.10236
61.96,21,FICA4monk-problems-2,KStar,2136,22.55709,446.03525
64.71,21.91,FICA4monk-problems-2,LWL,407,22.9653,498.0047
63.73,21.58,FICA4monk-problems-2,BayesNet,46,23.01239,505.42819
63.73,21.58,FICA4monk-problems-2,NaiveBayes,5,23.01888,505.42819
63.73,21.58,FICA4monk-problems-2,NaiveBayesUpdateable,5,23.02527,512.85168
62.75,21.26,FICA4monk-problems-2,AdaBoostM1,102,23.1307,535.12555
62.75,21.29,FICA4monk-problems-2,Bagging,186,23.31959,601.94708
63.73,21.58,FICA4monk-problems-2,Stacking,10,23.32994,601.94708
63.33,21.46,FICA4monk-problems-2,LogitBoost,80,23.40519,99.25826
63.73,21.58,FICA4monk-problems-2,Vote,2,23.40877,99.25826
63.73,21.58,FICA4monk-problems-2,DecisionTable,69,23.47866,136.59933
62.55,21.19,FICA4monk-problems-2,JRip,106,23.58585,168.78746
67.45,22.83,FICA4monk-problems-2,OneR,8,23.59489,176.83449
63.73,21.58,FICA4monk-problems-2,ZeroR,1,23.59712,176.83449
63.73,21.58,FICA4monk-problems-2,PART,5,23.60413,176.83449
71.76,24.37,FICA4monk-problems-2,RandomCommittee,361,23.96677,257.30573
63.73,21.58,FICA4monk-problems-2,J48,8,23.97596,257.30573
63.73,21.58,FICA4monk-problems-2,LMT,3657,27.63326,196.21295
71.18,24.14,FICA4monk-problems-2,RandomForest,1909,29.54455,654.58728
74.12,25.11,FICA4monk-problems-2,RandomTree,36,29.58092,664.83752
64.9,21.99,FICA4monk-problems-2,REPTree,23,29.6024,17.533
28.32,9.93,FICA4primary-turmor,DecisionStump,7,29.61372,17.533
24.79,8.67,FICA4primary-turmor,LibSVM,528,30.13632,52.17187
38.95,13.51,FICA4primary-turmor,MultilayerPerceptron,21627,51.78421,52.17187
40.4,14,FICA4primary-turmor,Logistic,3415,55.19386,433.20377
40.42,14.01,FICA4primary-turmor,SimpleLogistic,3065,58.27106,335.75027
33.36,11.62,FICA4primary-turmor,SMO,7044,64.92255,126.27945
32.74,11.39,FICA4primary-turmor,IBk,12,64.93779,128.36113
35.1,12.22,FICA4primary-turmor,KStar,889,65.82556,175.5062
31.02,10.87,FICA4primary-turmor,LWL,532,66.37064,203.16986
29.78,10.43,FICA4primary-turmor,BayesNet,20,66.3924,208.8559
38.64,13.41,FICA4primary-turmor,NaiveBayes,26,66.42368,224.91818
38.64,13.41,FICA4primary-turmor,NaiveBayesUpdateable,27,66.45378,240.9554
28.32,9.93,FICA4primary-turmor,AdaBoostM1,16,66.47204,248.21667
37.47,13.02,FICA4primary-turmor,Bagging,155,66.63003,308.49469
24.79,8.69,FICA4primary-turmor,Stacking,7,66.64015,314.32184
34.5,12.03,FICA4primary-turmor,LogitBoost,766,67.4034,669.62018
24.79,8.69,FICA4primary-turmor,Vote,3,67.40799,671.37762
28.01,9.83,FICA4primary-turmor,DecisionTable,102,67.51132,720.94745
34.24,11.89,FICA4primary-turmor,JRip,448,67.96095,224.25694
27.16,9.49,FICA4primary-turmor,OneR,5,67.96915,227.38133
24.79,8.69,FICA4primary-turmor,ZeroR,1,67.97223,227.38133
32.15,11.19,FICA4primary-turmor,PART,239,68.21368,274.78418
32.74,11.4,FICA4primary-turmor,RandomCommittee,262,68.47768,362.27197
33.93,11.79,FICA4primary-turmor,J48,70,68.55074,381.01898
40.71,14.11,FICA4primary-turmor,LMT,5599,74.15396,193.18243
34.81,12.13,FICA4primary-turmor,RandomForest,1647,75.80369,112.57561
31.25,10.88,FICA4primary-turmor,RandomTree,25,75.83075,123.05457
35.12,12.21,FICA4primary-turmor,REPTree,18,75.85087,123.05457
78.14,26.5,FICA4spambase,DecisionStump,58,75.9485,144.0125
60.68,20.52,FICA4spambase,LibSVM,21147,97.03917,356.32675
88.72,30.12,FICA4spambase,MultilayerPerceptron,27820,124.88402,378.12384
87.7,29.78,FICA4spambase,Logistic,703,125.59175,498.0278
87.68,29.77,FICA4spambase,SimpleLogistic,6336,131.9176,606.49231
85.18,28.87,FICA4spambase,SMO,267,132.17902,174.71402
89.2,30.26,FICA4spambase,IBk,1257,133.44012,186.45729
90.83,30.84,FICA4spambase,KStar,199073,332.60614,238.14987
78.46,26.65,FICA4spambase,LWL,39527,372.15167,590.43042
86.94,29.52,FICA4spambase,BayesNet,171,372.32755,628.10571
67.36,22.94,FICA4spambase,NaiveBayes,49,372.37045,653.2384
67.36,22.94,FICA4spambase,NaiveBayesUpdateable,59,372.44189,678.35529
80.48,27.35,FICA4spambase,AdaBoostM1,910,373.35138,251.41029
90.11,30.6,FICA4spambase,Bagging,1566,374.91248,666.9574
60.6,20.54,FICA4spambase,Stacking,66,374.987,88.05396
85.76,29.12,FICA4spambase,LogitBoost,578,375.55142,339.65137
60.6,20.54,FICA4spambase,Vote,10,375.56256,352.23987
86.63,29.42,FICA4spambase,DecisionTable,769,376.3353,578.84851
88.39,29.99,FICA4spambase,JRip,5172,381.49088,254.34247
77.03,26.1,FICA4spambase,OneR,55,381.54684,279.52014
60.6,20.54,FICA4spambase,ZeroR,5,381.55441,292.10895
88.02,29.89,FICA4spambase,PART,800,382.34692,367.64722
89.74,30.47,FICA4spambase,RandomCommittee,2427,384.7843,152.71094
89.05,30.22,FICA4spambase,J48,445,385.23206,229.19304
89.26,30.31,FICA4spambase,LMT,23353,408.56152,520.97113
91.55,31.09,FICA4spambase,RandomForest,15470,424.00113,95.7347
87.76,29.76,FICA4spambase,RandomTree,257,424.26083,134.86371
88.7,30.11,FICA4spambase,REPTree,186,424.44955,187.03387
46.67,15.94,FICA4prnn-virus3,DecisionStump,1,424.4523,187.03387
55.83,18.96,FICA4prnn-virus3,LibSVM,19,424.47348,187.03387
65,22.18,FICA4prnn-virus3,MultilayerPerceptron,385,424.84894,187.03387
57.5,19.63,FICA4prnn-virus3,Logistic,23,424.88266,187.03387
62.5,21.33,FICA4prnn-virus3,SimpleLogistic,90,424.97418,226.14572
65.83,22.37,FICA4prnn-virus3,SMO,195,425.16037,467.87976
73.33,24.93,FICA4prnn-virus3,IBk,1,425.16211,467.87976
78.33,26.67,FICA4prnn-virus3,KStar,10,425.16217,477.55048
59.17,20.23,FICA4prnn-virus3,LWL,3,425.17664,477.55048
51.67,17.67,FICA4prnn-virus3,BayesNet,3,425.18054,477.55048
56.67,19.36,FICA4prnn-virus3,NaiveBayes,1,425.18216,477.55048
56.67,19.36,FICA4prnn-virus3,NaiveBayesUpdateable,0,425.18381,477.55048
58.33,19.92,FICA4prnn-virus3,AdaBoostM1,9,425.18359,477.55048
60.83,20.78,FICA4prnn-virus3,Bagging,17,425.21182,487.22891
55.83,18.98,FICA4prnn-virus3,Stacking,4,425.21683,487.22891
66.67,22.71,FICA4prnn-virus3,LogitBoost,56,425.2692,636.17841
55.83,18.98,FICA4prnn-virus3,Vote,0,425.27084,636.17841
49.17,16.79,FICA4prnn-virus3,DecisionTable,11,425.27283,636.17841
55,18.72,FICA4prnn-virus3,JRip,8,425.29141,636.17841
53.33,18.13,FICA4prnn-virus3,OneR,0,425.29321,636.17841
55.83,18.98,FICA4prnn-virus3,ZeroR,0,425.29431,636.17841
56.67,19.33,FICA4prnn-virus3,PART,3,425.2977,636.17841
66.67,22.72,FICA4prnn-virus3,RandomCommittee,18,425.31653,645.84906
51.67,17.64,FICA4prnn-virus3,J48,2,425.3197,645.84906
62.5,21.32,FICA4prnn-virus3,LMT,132,425.4436,703.87305
67.5,23,FICA4prnn-virus3,RandomForest,103,425.55594,89.98473
56.67,19.3,FICA4prnn-virus3,RandomTree,1,425.55823,89.98473
43.33,14.81,FICA4prnn-virus3,REPTree,1,425.5603,89.98473
60.08,20.4,FICA4monk-problems-1,DecisionStump,6,425.56885,89.98473
58.56,19.84,FICA4monk-problems-1,LibSVM,472,426.04199,111.65409
68.73,23.35,FICA4monk-problems-1,MultilayerPerceptron,3388,429.43301,118.87657
66.2,22.48,FICA4monk-problems-1,Logistic,56,429.49005,133.32153
67.47,22.91,FICA4monk-problems-1,SimpleLogistic,634,430.12436,342.77737
66.92,22.67,FICA4monk-problems-1,SMO,87,430.21259,502.59235
72.86,24.68,FICA4monk-problems-1,IBk,24,430.23889,502.59235
78.23,26.59,FICA4monk-problems-1,KStar,2621,432.86292,625.38318
68.89,23.41,FICA4monk-problems-1,LWL,480,433.34396,683.17627
67.27,22.84,FICA4monk-problems-1,BayesNet,14,433.35876,690.3988
67.46,22.91,FICA4monk-problems-1,NaiveBayes,4,433.36548,697.62128
67.46,22.91,FICA4monk-problems-1,NaiveBayesUpdateable,6,433.37213,697.62128
67.63,22.96,FICA4monk-problems-1,AdaBoostM1,104,433.47424,84.9257
90.84,30.84,FICA4monk-problems-1,Bagging,129,433.60498,133.7319
49.64,16.88,FICA4monk-problems-1,Stacking,11,433.6174,141.86441
70.88,24.07,FICA4monk-problems-1,LogitBoost,79,433.69147,286.33173
49.64,16.88,FICA4monk-problems-1,Vote,2,433.69409,286.33173
67.98,23.08,FICA4monk-problems-1,DecisionTable,62,433.75644,318.86176
83.11,28.2,FICA4monk-problems-1,JRip,322,434.08075,473.38315
69.44,23.53,FICA4monk-problems-1,OneR,6,434.08777,473.38315
49.64,16.88,FICA4monk-problems-1,ZeroR,1,434.08942,473.38315
81.85,27.79,FICA4monk-problems-1,PART,70,434.16098,489.64972
96.22,32.68,FICA4monk-problems-1,RandomCommittee,188,434.35022,530.31415
90.3,30.65,FICA4monk-problems-1,J48,54,434.39417,546.57916
87.6,29.75,FICA4monk-problems-1,LMT,1190,435.5929,327.85825
96.76,32.85,FICA4monk-problems-1,RandomForest,1364,436.95999,640.40906
92.81,31.49,FICA4monk-problems-1,RandomTree,19,436.98026,649.33856
87.77,29.79,FICA4monk-problems-1,REPTree,13,436.98444,649.33856
Acc,SAR,Dataset,Algorithm,runTime,CPUtime,usedMemory
70,23.69,FICA4post-operation,DecisionStump,1,436.99692,649.33856
71.11,24.06,FICA4post-operation,LibSVM,29,437.0278,658.26813
64.44,21.86,FICA4post-operation,MultilayerPerceptron,710,437.73846,658.26813
68.89,23.37,FICA4post-operation,Logistic,18,437.75677,658.26813
70,23.67,FICA4post-operation,SimpleLogistic,155,437.91034,79.66842
71.11,24.08,FICA4post-operation,SMO,102,438.013,537.4458
65.56,22.2,FICA4post-operation,IBk,2,438.01553,537.4458
58.89,20.02,FICA4post-operation,KStar,53,438.06931,547.75049
70,23.69,FICA4post-operation,LWL,14,438.07391,547.75049
71.11,24.08,FICA4post-operation,BayesNet,3,438.0881,547.75049
70,23.71,FICA4post-operation,NaiveBayes,1,438.09021,547.75049
70,23.71,FICA4post-operation,NaiveBayesUpdateable,0,438.09216,547.75049
65.56,22.21,FICA4post-operation,AdaBoostM1,17,438.11044,558.06293
62.22,21.09,FICA4post-operation,Bagging,23,438.12476,568.36774
71.11,24.08,FICA4post-operation,Stacking,2,438.13855,568.36774
58.89,19.97,FICA4post-operation,LogitBoost,43,438.18066,706.87384
71.11,24.08,FICA4post-operation,Vote,1,438.18231,706.87384
71.11,24.08,FICA4post-operation,DecisionTable,20,438.19977,76.29289
70,23.7,FICA4post-operation,JRip,14,438.21454,76.29289
64.44,21.82,FICA4post-operation,OneR,2,438.21698,76.29289
71.11,24.08,FICA4post-operation,ZeroR,1,438.2182,83.44038
71.11,24.08,FICA4post-operation,PART,1,438.22031,83.44038
55.56,18.85,FICA4post-operation,RandomCommittee,38,438.25992,97.73537
71.11,24.08,FICA4post-operation,J48,2,438.26215,97.73537
70,23.67,FICA4post-operation,LMT,1186,439.44922,598.15143
64.44,21.86,FICA4post-operation,RandomForest,229,439.67886,676.79071
61.11,20.71,FICA4post-operation,RandomTree,4,439.68301,683.93817
71.11,24.08,FICA4post-operation,REPTree,2,439.68591,683.93817
90.74,30.75,FICA4sick-euthroid,DecisionStump,38,439.73529,691.08569
90.74,30.64,FICA4sick-euthroid,LibSVM,2783,442.51596,188.92484
92.03,31.23,FICA4sick-euthroid,MultilayerPerceptron,19154,461.67792,207.22238
91.12,30.91,FICA4sick-euthroid,Logistic,370,462.06155,289.5614
91.12,30.91,FICA4sick-euthroid,SimpleLogistic,4063,466.12253,301.01306
90.74,30.64,FICA4sick-euthroid,SMO,156,466.27142,473.25833
90.99,30.81,FICA4sick-euthroid,IBk,689,466.9718,483.69513
93.01,31.57,FICA4sick-euthroid,KStar,96733,563.75409,239.85645
90.74,30.78,FICA4sick-euthroid,LWL,18475,582.22577,230.87155
91.72,31.11,FICA4sick-euthroid,BayesNet,82,582.31116,265.69061
68.23,23.21,FICA4sick-euthroid,NaiveBayes,32,582.34601,279.62048
68.23,23.21,FICA4sick-euthroid,NaiveBayesUpdateable,32,582.3811,293.53943
90.74,30.77,FICA4sick-euthroid,AdaBoostM1,609,582.98944,84.27631
92.73,31.47,FICA4sick-euthroid,Bagging,780,583.77155,312.19623
90.74,30.65,FICA4sick-euthroid,Stacking,38,583.81085,345.69183
91.53,31.05,FICA4sick-euthroid,LogitBoost,371,584.17548,166.619
90.74,30.65,FICA4sick-euthroid,Vote,7,584.18341,172.88721
91.65,31.09,FICA4sick-euthroid,DecisionTable,477,584.66315,360.93347
91.05,30.82,FICA4sick-euthroid,JRip,1026,585.68213,83.5091
89.28,30.18,FICA4sick-euthroid,OneR,36,585.71942,100.83804
90.74,30.65,FICA4sick-euthroid,ZeroR,2,585.72412,106.61435
91.65,31.08,FICA4sick-euthroid,PART,231,585.95709,129.72256
91.59,31.07,FICA4sick-euthroid,RandomCommittee,1430,587.38635,77.17726
92.79,31.45,FICA4sick-euthroid,J48,156,587.54315,94.16679
92.79,31.48,FICA4sick-euthroid,LMT,8641,596.1568,79.78764
93.17,31.62,FICA4sick-euthroid,RandomForest,8463,604.58978,204.28085
90.67,30.7,FICA4sick-euthroid,RandomTree,135,604.73602,230.0773
91.81,31.13,FICA4sick-euthroid,REPTree,110,604.8432,93.11295
79.61,27,FICA4monk-problems-3,DecisionStump,5,604.85101,96.24334
51.99,17.6,FICA4monk-problems-3,LibSVM,445,605.29718,118.1655
86.11,29.21,FICA4monk-problems-3,MultilayerPerceptron,3354,608.65656,121.2959
76.9,26.11,FICA4monk-problems-3,Logistic,57,608.71417,133.81747
76.89,26.11,FICA4monk-problems-3,SimpleLogistic,635,609.34534,193.09328
79.43,26.92,FICA4monk-problems-3,SMO,99,609.44049,202.35431
96.92,32.92,FICA4monk-problems-3,IBk,21,609.45245,202.35431
96.92,32.92,FICA4monk-problems-3,KStar,2624,612.08453,163.69925
80.15,27.2,FICA4monk-problems-3,LWL,486,612.57141,225.58038
82.14,27.91,FICA4monk-problems-3,BayesNet,15,612.58734,232.4543
79.6,27,FICA4monk-problems-3,NaiveBayes,5,612.59381,234.74521
79.6,27,FICA4monk-problems-3,NaiveBayesUpdateable,6,612.60034,239.32709
79.43,26.99,FICA4monk-problems-3,AdaBoostM1,102,612.68927,97.6824
92.43,31.38,FICA4monk-problems-3,Bagging,119,612.82092,138.97141
51.99,17.66,FICA4monk-problems-3,Stacking,12,612.83405,146.71112
82.84,28.14,FICA4monk-problems-3,LogitBoost,63,612.89679,197.07443
51.99,17.66,FICA4monk-problems-3,Vote,0,612.89929,197.07443
83.58,28.39,FICA4monk-problems-3,DecisionTable,69,612.95862,225.45297
89.36,30.33,FICA4monk-problems-3,JRip,200,613.16418,156.56808
79.78,27.04,FICA4monk-problems-3,OneR,6,613.17188,159.30463
51.99,17.66,FICA4monk-problems-3,ZeroR,1,613.17358,162.03928
88.25,29.96,FICA4monk-problems-3,PART,78,613.25311,170.24564
95.85,32.54,FICA4monk-problems-3,RandomCommittee,143,613.39716,205.80878
94.24,31.99,FICA4monk-problems-3,J48,34,613.4314,214.01274
95.14,32.3,FICA4monk-problems-3,LMT,1131,614.5542,256.77649
96.39,32.73,FICA4monk-problems-3,RandomForest,1001,615.55157,125.50868
94.04,31.92,FICA4monk-problems-3,RandomTree,14,615.56689,129.60425
90.42,30.7,FICA4monk-problems-3,REPTree,12,615.57971,133.6994
92.5,31.22,FICA4sponge,DecisionStump,1,615.58246,133.6994
92.5,31.21,FICA4sponge,LibSVM,25,615.6076,133.6994
88.39,29.88,FICA4sponge,MultilayerPerceptron,540,616.14948,137.79456
90.71,30.66,FICA4sponge,Logistic,122,616.27264,145.98573
92.5,31.12,FICA4sponge,SimpleLogistic,140,616.41302,195.13194
92.5,31.16,FICA4sponge,SMO,107,616.51361,243.2068
95,32.09,FICA4sponge,IBk,2,616.51581,243.2068
95,32.12,FICA4sponge,KStar,38,616.55469,245.91293
91.25,30.82,FICA4sponge,LWL,11,616.56689,248.61899
92.5,31.2,FICA4sponge,BayesNet,2,616.57123,248.61899
93.75,31.68,FICA4sponge,NaiveBayes,1,616.57312,248.61899
93.75,31.68,FICA4sponge,NaiveBayesUpdateable,1,616.57501,251.32506
92.5,31.27,FICA4sponge,AdaBoostM1,19,616.59509,256.73721
92.5,31.26,FICA4sponge,Bagging,11,616.60785,262.14984
92.5,31.2,FICA4sponge,Stacking,3,616.61127,264.8559
91.07,30.8,FICA4sponge,LogitBoost,45,616.65051,85.30985
92.5,31.2,FICA4sponge,Vote,0,616.65204,85.30985
92.5,31.2,FICA4sponge,DecisionTable,15,616.66827,91.95938
91.25,30.78,FICA4sponge,JRip,8,616.67688,94.1759
92.5,31.24,FICA4sponge,OneR,1,616.67902,96.39241
92.5,31.2,FICA4sponge,ZeroR,1,616.68018,96.39241
95,32.08,FICA4sponge,PART,2,616.68298,96.39241
92.32,31.22,FICA4sponge,RandomCommittee,17,616.70026,103.04202
92.5,31.19,FICA4sponge,J48,1,616.70288,105.25858
92.5,31.12,FICA4sponge,LMT,1444,618.14093,221.02631
93.75,31.71,FICA4sponge,RandomForest,97,618.23859,262.83383
93.57,31.62,FICA4sponge,RandomTree,2,618.24066,262.83383
89.64,30.24,FICA4sponge,REPTree,1,618.24255,262.83383
33.33,11.59,FICA4synthetic-control,DecisionStump,7,618.25262,267.47797
82.67,28.11,FICA4synthetic-control,LibSVM,749,619.00226,304.63715
94.67,32.18,FICA4synthetic-control,MultilayerPerceptron,8695,627.70532,309.28137
94.5,32.13,FICA4synthetic-control,Logistic,1287,628.99298,127.55609
94.17,32.01,FICA4synthetic-control,SimpleLogistic,1979,630.97302,247.26608
92.67,31.44,FICA4synthetic-control,SMO,582,631.52869,548.13043
93.5,31.77,FICA4synthetic-control,IBk,24,631.56421,549.552
91.33,31.06,FICA4synthetic-control,KStar,3132,634.68866,194.65598
83.67,28.46,FICA4synthetic-control,LWL,913,635.61566,269.22397
91.17,31.01,FICA4synthetic-control,BayesNet,27,635.64343,277.06839
93.33,31.74,FICA4synthetic-control,NaiveBayes,10,635.65436,286.21893
93.33,31.74,FICA4synthetic-control,NaiveBayesUpdateable,10,635.66547,294.06396
33.33,11.59,FICA4synthetic-control,AdaBoostM1,14,635.68011,300.60345
93.33,31.73,FICA4synthetic-control,Bagging,113,635.79517,342.46057
16.67,5.93,FICA4synthetic-control,Stacking,9,635.80475,348.99591
93.83,31.9,FICA4synthetic-control,LogitBoost,343,636.14282,557.05365
16.67,5.93,FICA4synthetic-control,Vote,1,636.146,558.36072
86.33,29.37,FICA4synthetic-control,DecisionTable,106,636.25409,600.19073
91.33,31.05,FICA4synthetic-control,JRip,227,636.47803,142.31242
56.33,19.23,FICA4synthetic-control,OneR,8,636.48706,146.20871
16.67,5.93,FICA4synthetic-control,ZeroR,1,636.4892,146.20871
91.67,31.16,FICA4synthetic-control,PART,63,636.55438,157.899
93,31.62,FICA4synthetic-control,RandomCommittee,166,636.7207,192.97876
91.5,31.11,FICA4synthetic-control,J48,34,636.75629,200.77269
94.17,32.01,FICA4synthetic-control,LMT,4966,641.71057,105.04501
94.33,32.07,FICA4synthetic-control,RandomForest,1141,642.86536,371.53622
92.17,31.32,FICA4synthetic-control,RandomTree,17,642.87256,380.1319
90.5,30.77,FICA4synthetic-control,REPTree,12,642.89618,380.1319
67.79,23,FICA4sonar,DecisionStump,2,642.89978,380.1319
53.38,18.07,FICA4sonar,LibSVM,92,642.99268,388.72757
80.74,27.41,FICA4sonar,MultilayerPerceptron,1266,644.26282,388.72757
75.48,25.63,FICA4sonar,Logistic,22,644.28595,397.32321
77.88,26.44,FICA4sonar,SimpleLogistic,263,644.54022,491.87549
76,25.76,FICA4sonar,SMO,41,644.58124,644.46796
81.29,27.56,FICA4sonar,IBk,5,644.59674,644.46796
77.95,26.47,FICA4sonar,KStar,330,644.92859,661.65942
71.19,24.19,FICA4sonar,LWL,71,645.0011,670.25507
77.45,26.3,FICA4sonar,BayesNet,7,645.00867,674.85364
76.48,25.97,FICA4sonar,NaiveBayes,2,645.0119,674.85364
76.48,25.97,FICA4sonar,NaiveBayesUpdateable,1,645.01477,674.85364
75.52,25.65,FICA4sonar,AdaBoostM1,47,645.05798,106.23756
77.4,26.31,FICA4sonar,Bagging,40,645.09943,124.43489
53.38,18.13,FICA4sonar,Stacking,4,645.10388,124.43489
72.19,24.54,FICA4sonar,LogitBoost,30,645.13245,256.93402
53.38,18.13,FICA4sonar,Vote,1,645.13416,256.93402
77.9,26.45,FICA4sonar,DecisionTable,30,645.15436,266.03223
72.64,24.64,FICA4sonar,JRip,67,645.23248,284.22861
60.12,20.36,FICA4sonar,OneR,5,645.23828,293.32681
53.38,18.13,FICA4sonar,ZeroR,1,645.23999,293.32681
73.05,24.82,FICA4sonar,PART,16,645.25586,293.32681
78.86,26.77,FICA4sonar,RandomCommittee,60,645.31647,311.52371
76,25.8,FICA4sonar,J48,11,645.31818,311.52371
76.38,25.94,FICA4sonar,LMT,437,645.76636,475.29156
82.24,27.93,FICA4sonar,RandomForest,374,646.14148,593.57861
77.43,26.25,FICA4sonar,RandomTree,5,646.14807,593.57861
71.19,24.17,FICA4sonar,REPTree,5,646.15302,602.677
44.59,15.3,FICA4RedWhiteWine,DecisionStump,93,646.26404,620.91803
43.65,14.92,FICA4RedWhiteWine,LibSVM,50787,696.90167,342.11105
45.64,15.66,FICA4RedWhiteWine,MultilayerPerceptron,103272,800.2663,383.79016
47.07,16.13,FICA4RedWhiteWine,Logistic,8250,808.51556,709.08972
46.85,16.06,FICA4RedWhiteWine,SimpleLogistic,20589,828.94324,479.78616
46.5,15.93,FICA4RedWhiteWine,SMO,2799,831.64105,334.79114
56.61,19.31,FICA4RedWhiteWine,IBk,3209,834.85944,352.24661
61.77,21.1,FICA4RedWhiteWine,KStar,397619,1232.70654,80.05283
44.76,15.36,FICA4RedWhiteWine,LWL,110282,1343.02686,156.14014
44.45,15.25,FICA4RedWhiteWine,BayesNet,205,1343.23767,225.14145
43.13,14.79,FICA4RedWhiteWine,NaiveBayes,105,1343.36633,309.45154
43.13,14.79,FICA4RedWhiteWine,NaiveBayesUpdateable,103,1343.48499,386.09717
44.59,15.3,FICA4RedWhiteWine,AdaBoostM1,136,1343.62415,57.49156
54.84,18.76,FICA4RedWhiteWine,Bagging,4364,1347.99243,397.79059
43.65,14.95,FICA4RedWhiteWine,Stacking,100,1348.0896,77.20613
48.93,16.76,FICA4RedWhiteWine,LogitBoost,4890,1352.89026,395.31705
43.65,14.95,FICA4RedWhiteWine,Vote,14,1352.90894,411.04254
46.25,15.86,FICA4RedWhiteWine,DecisionTable,1041,1353.94348,455.02713
47.08,16.11,FICA4RedWhiteWine,JRip,6365,1360.29883,286.09973
46.5,15.89,FICA4RedWhiteWine,OneR,88,1360.39087,327.54565
43.65,14.95,FICA4RedWhiteWine,ZeroR,8,1360.40332,327.54565
49.42,16.92,FICA4RedWhiteWine,PART,22819,1383.22095,152.35486
59.09,20.2,FICA4RedWhiteWine,RandomCommittee,6275,1389.48279,222.02325
50.05,17.13,FICA4RedWhiteWine,J48,2350,1391.81763,120.83889
49.24,16.86,FICA4RedWhiteWine,LMT,73788,1465.51599,556.91132
61.03,20.85,FICA4RedWhiteWine,RandomForest,40899,1506.21716,126.23732
56.12,19.15,FICA4RedWhiteWine,RandomTree,593,1506.8125,243.57492
50.33,17.23,FICA4RedWhiteWine,REPTree,489,1507.30505,360.97519
68.99,23.46,FICA4SensorDiscrimination,DecisionStump,30,1507.34265,372.70816
42.81,14.56,FICA4SensorDiscrimination,LibSVM,6285,1513.62976,607.48969
97.11,32.99,FICA4SensorDiscrimination,MultilayerPerceptron,16321,1529.96753,619.22266
95.25,32.36,FICA4SensorDiscrimination,Logistic,866,1530.81299,149.83185
94.71,32.18,FICA4SensorDiscrimination,SimpleLogistic,7275,1538.01941,292.62491
93.22,31.63,FICA4SensorDiscrimination,SMO,375,1538.38696,231.47714
98.1,33.33,FICA4SensorDiscrimination,IBk,310,1538.69763,239.89182
97.56,33.15,FICA4SensorDiscrimination,KStar,49247,1587.91382,508.55191
84.36,28.67,FICA4SensorDiscrimination,LWL,9946,1597.82861,396.81039
92.13,31.31,FICA4SensorDiscrimination,BayesNet,89,1597.90991,417.5863
92.41,31.4,FICA4SensorDiscrimination,NaiveBayes,27,1597.93799,438.3623
92.41,31.4,FICA4SensorDiscrimination,NaiveBayesUpdateable,28,1597.9563,448.75024
77.62,26.4,FICA4SensorDiscrimination,AdaBoostM1,406,1598.3728,542.24933
97.24,33.04,FICA4SensorDiscrimination,Bagging,552,1598.90173,158.60233
42.81,14.62,FICA4SensorDiscrimination,Stacking,26,1598.93091,179.74768
95.57,32.47,FICA4SensorDiscrimination,LogitBoost,635,1599.55994,456.60266
42.81,14.62,FICA4SensorDiscrimination,Vote,5,1599.56689,456.60266
93.26,31.68,FICA4SensorDiscrimination,DecisionTable,402,1599.9718,583.47479
96.97,32.94,FICA4SensorDiscrimination,JRip,1107,1601.06348,513.30194
73.74,25.04,FICA4SensorDiscrimination,OneR,28,1601.09192,533.11511
42.81,14.62,FICA4SensorDiscrimination,ZeroR,4,1601.09558,533.11511
96.88,32.91,FICA4SensorDiscrimination,PART,249,1601.34583,562.83496
97.56,33.15,FICA4SensorDiscrimination,RandomCommittee,773,1602.10205,157.83005
96.66,32.83,FICA4SensorDiscrimination,J48,172,1602.27478,188.79257
96.97,32.94,FICA4SensorDiscrimination,LMT,34578,1636.81018,504.77307
97.79,33.22,FICA4SensorDiscrimination,RandomForest,4979,1641.77588,342.97415
96.34,32.72,FICA4SensorDiscrimination,RandomTree,78,1641.86536,354.23105
96.02,32.62,FICA4SensorDiscrimination,REPTree,55,1641.92224,376.74435
69,23.5,FICA4splice,DecisionStump,40,1641.96875,388.0098
51.88,17.6,FICA4splice,LibSVM,11175,1653.151,244.26575
92.51,31.43,FICA4splice,MultilayerPerceptron,23481,1676.65234,266.77487
92.51,31.43,FICA4splice,Logistic,1351,1677.99609,446.84711
92.45,31.41,FICA4splice,SimpleLogistic,6781,1684.77771,483.26514
92.66,31.44,FICA4splice,SMO,330,1685.10229,396.45639
90.88,30.85,FICA4splice,IBk,873,1685.97876,406.84958
92.92,31.57,FICA4splice,KStar,90480,1776.50024,718.87274
89.18,30.28,FICA4splice,LWL,19082,1795.56897,245.22479
91.32,31.03,FICA4splice,BayesNet,96,1795.67737,270.1799
85.42,29.04,FICA4splice,NaiveBayes,53,1795.73572,295.14594
85.42,29.04,FICA4splice,NaiveBayesUpdateable,40,1795.76758,320.10114
89.53,30.4,FICA4splice,AdaBoostM1,621,1796.39954,469.87555
92.29,31.36,FICA4splice,Bagging,816,1797.20752,707.05994
51.88,17.64,FICA4splice,Stacking,40,1797.25952,740.41644
91.91,31.23,FICA4splice,LogitBoost,953,1798.19922,485.64685
51.88,17.64,FICA4splice,Vote,8,1798.20764,485.64685
91.57,31.11,FICA4splice,DecisionTable,438,1798.64832,649.29388
91.79,31.17,FICA4splice,JRip,2737,1801.37622,606.96252
70.66,24,FICA4splice,OneR,36,1801.41443,631.16687
51.88,17.64,FICA4splice,ZeroR,3,1801.41943,631.16687
91.5,31.09,FICA4splice,PART,425,1801.84595,679.58551
91.69,31.15,FICA4splice,RandomCommittee,1240,1803.07654,280.53256
92.01,31.25,FICA4splice,J48,222,1803.30872,317.34943
92.63,31.48,FICA4splice,LMT,21482,1824.78381,650.28693
93.13,31.64,FICA4splice,RandomForest,8051,1832.82629,276.97586
89.94,30.53,FICA4splice,RandomTree,149,1832.97705,302.83643
91.35,31.03,FICA4splice,REPTree,84,1833.06348,328.7002
91.27,30.93,FICA4page-blocks,DecisionStump,75,1833.15125,341.62939
89.77,30.36,FICA4page-blocks,LibSVM,8110,1841.2688,691.07776
94.94,32.26,FICA4page-blocks,MultilayerPerceptron,62052,1903.36401,729.86536
95.45,32.43,FICA4page-blocks,Logistic,4668,1908.04529,579.42963
95.43,32.43,FICA4page-blocks,SimpleLogistic,23783,1931.79492,575.81055
91.59,30.96,FICA4page-blocks,SMO,773,1932.54614,286.65729
95.91,32.55,FICA4page-blocks,IBk,2177,1934.71655,297.73837
96.47,32.78,FICA4page-blocks,KStar,285185,2220.07861,348.25586
91.27,31,FICA4page-blocks,LWL,73907,2294.02246,313.16357
93.9,31.91,FICA4page-blocks,BayesNet,232,2294.25928,378.83829
90.06,30.6,FICA4page-blocks,NaiveBayes,79,2294.34546,431.37811
90.06,30.6,FICA4page-blocks,NaiveBayesUpdateable,80,2294.43164,483.9556
91.27,30.99,FICA4page-blocks,AdaBoostM1,560,2294.98462,602.18896
96.58,32.82,FICA4page-blocks,Bagging,1972,2296.9707,405.35687
89.77,30.36,FICA4page-blocks,Stacking,80,2297.05225,457.91351
95.78,32.55,FICA4page-blocks,LogitBoost,2877,2299.91138,567.60583
89.77,30.36,FICA4page-blocks,Vote,12,2299.92651,580.39252
94.81,32.21,FICA4page-blocks,DecisionTable,1032,2300.95923,278.66937
96.38,32.72,FICA4page-blocks,JRip,7237,2308.17285,780.93835
91.54,31.02,FICA4page-blocks,OneR,72,2308.25415,155.33844
89.77,30.36,FICA4page-blocks,ZeroR,8,2308.25366,168.40759
96.09,32.64,FICA4page-blocks,PART,877,2309.14136,246.88132
96.36,32.74,FICA4page-blocks,RandomCommittee,3471,2312.61914,691.47467
96,32.61,FICA4page-blocks,J48,657,2313.2749,144.10393
96.33,32.73,FICA4page-blocks,LMT,146073,2459.32617,277.49982
97.04,32.98,FICA4page-blocks,RandomForest,20829,2480.16064,607.13782
95.56,32.44,FICA4page-blocks,RandomTree,332,2480.48853,659.86859
96.07,32.64,FICA4page-blocks,REPTree,205,2480.69678,699.4231
72.78,24.69,FICA4spect-full,DecisionStump,3,2480.71191,699.4231
72.78,24.59,FICA4spect-full,LibSVM,163,2480.87744,712.59259
77.92,26.47,FICA4spect-full,MultilayerPerceptron,2159,2483.03882,712.59259
79.09,26.86,FICA4spect-full,Logistic,39,2483.07837,725.76208
77.66,26.38,FICA4spect-full,SimpleLogistic,527,2483.60107,238.86917
72.78,24.59,FICA4spect-full,SMO,48,2483.65112,383.832
90.26,30.62,FICA4spect-full,IBk,17,2483.66895,383.832
88,29.89,FICA4spect-full,KStar,961,2484.62134,436.51263
72.78,24.74,FICA4spect-full,LWL,181,2484.81372,462.85284
71.34,24.26,FICA4spect-full,BayesNet,10,2484.82422,462.85284
71.63,24.34,FICA4spect-full,NaiveBayes,5,2484.8291,462.85284
71.63,24.34,FICA4spect-full,NaiveBayesUpdateable,5,2484.83496,476.02237
72.5,24.64,FICA4spect-full,AdaBoostM1,82,2484.91772,489.19427
82.55,28.04,FICA4spect-full,Bagging,67,2484.98633,515.53485
72.78,24.61,FICA4spect-full,Stacking,6,2484.99243,515.53485
78.23,26.58,FICA4spect-full,LogitBoost,50,2485.03491,659.91364
72.78,24.61,FICA4spect-full,Vote,1,2485.03687,659.91364
72.78,24.61,FICA4spect-full,DecisionTable,44,2485.08179,686.25262
80.24,27.2,FICA4spect-full,JRip,101,2485.18408,725.76196
73.66,24.93,FICA4spect-full,OneR,4,2485.18848,725.76196
72.78,24.61,FICA4spect-full,ZeroR,0,2485.18994,725.76196
71.94,24.44,FICA4spect-full,PART,15,2485.20508,725.76196
88.82,30.15,FICA4spect-full,RandomCommittee,104,2485.30957,752.10217
71.37,24.24,FICA4spect-full,J48,11,2485.31152,765.27167
77.36,26.27,FICA4spect-full,LMT,974,2486.29443,403.38696
89.12,30.26,FICA4spect-full,RandomForest,679,2486.97485,594.37598
89.66,30.42,FICA4spect-full,RandomTree,10,2486.9856,594.37598
78.24,26.54,FICA4spect-full,REPTree,7,2486.99316,594.37598
93.88,31.81,FICA4sick,DecisionStump,46,2487.04736,605.60962
93.88,31.71,FICA4sick,LibSVM,2774,2489.82446,751.70465
94.94,32.22,FICA4sick,MultilayerPerceptron,22856,2512.70239,762.93823
94.59,32.1,FICA4sick,Logistic,542,2513.24243,216.37122
94.54,32.08,FICA4sick,SimpleLogistic,4876,2518.11377,425.66797
93.88,31.71,FICA4sick,SMO,210,2518.3269,595.82849
93.77,31.75,FICA4sick,IBk,824,2519.1521,608.49506
94.25,31.99,FICA4sick,KStar,141353,2660.5769,227.88913
93.88,31.85,FICA4sick,LWL,26585,2687.16748,397.99933
92.21,31.28,FICA4sick,BayesNet,100,2687.26782,435.75931
89.95,30.52,FICA4sick,NaiveBayes,40,2687.31128,458.40717
89.95,30.52,FICA4sick,NaiveBayesUpdateable,40,2687.34375,473.50574
93.8,31.83,FICA4sick,AdaBoostM1,762,2688.11475,257.25079
94.64,32.12,FICA4sick,Bagging,950,2689.05225,154.78256
93.88,31.71,FICA4sick,Stacking,47,2689.11035,189.88718
94.43,32.04,FICA4sick,LogitBoost,445,2689.55176,372.6098
93.88,31.71,FICA4sick,Vote,9,2689.56128,379.62839
94.27,31.98,FICA4sick,DecisionTable,438,2689.99805,209.32536
94.54,32,FICA4sick,JRip,1053,2691.04907,243.14441
94.27,31.89,FICA4sick,OneR,45,2691.09595,263.332
93.88,31.71,FICA4sick,ZeroR,2,2691.10132,270.06119
94.43,32.02,FICA4sick,PART,281,2691.37451,296.99756
94.35,31.99,FICA4sick,RandomCommittee,1533,2692.91455,191.34082
94.59,32.05,FICA4sick,J48,216,2693.12207,212.76932
94.86,32.19,FICA4sick,LMT,11324,2704.43726,438.7131
94.94,32.22,FICA4sick,RandomForest,9538,2713.9624,620.96332
93,31.47,FICA4sick,RandomTree,149,2714.11304,642.57776
94.46,32.01,FICA4sick,REPTree,130,2714.25488,672.08203
15.96,5.77,FICA4vowel,DecisionStump,15,2714.26318,672.08203
19.29,6.82,FICA4vowel,LibSVM,2108,2716.35522,240.61607
44.14,15.24,FICA4vowel,MultilayerPerceptron,27005,2743.38647,250.99684
19.09,6.86,FICA4vowel,Logistic,2652,2746.04102,500.13708
18.69,6.72,FICA4vowel,SimpleLogistic,5301,2751.34253,502.26321
20.71,7.38,FICA4vowel,SMO,2251,2753.52783,620.11926
87.78,29.85,FICA4vowel,IBk,59,2753.58838,623.29663
84.65,28.83,FICA4vowel,KStar,9250,2762.84912,348.54297
24.14,8.55,FICA4vowel,LWL,3574,2766.42773,548.01715
34.44,12,FICA4vowel,BayesNet,39,2766.46826,560.56708
27.07,9.53,FICA4vowel,NaiveBayes,24,2766.49414,584.09802
27.07,9.53,FICA4vowel,NaiveBayesUpdateable,20,2766.51733,609.20099
15.96,5.77,FICA4vowel,AdaBoostM1,26,2766.54541,620.18536
65.76,22.5,FICA4vowel,Bagging,433,2766.98022,763.01086
9.09,3.43,FICA4vowel,Stacking,16,2766.99707,775.5639
44.04,15.22,FICA4vowel,LogitBoost,993,2767.97363,528.28223
9.09,3.43,FICA4vowel,Vote,4,2767.97852,528.28223
35.56,12.37,FICA4vowel,DecisionTable,242,2768.22144,628.02258
43.74,15.09,FICA4vowel,JRip,2343,2770.56543,290.97772
24.85,8.69,FICA4vowel,OneR,20,2770.59009,300.40161
9.09,3.43,FICA4vowel,ZeroR,1,2770.59546,300.40161
63.13,21.58,FICA4vowel,PART,914,2771.50171,413.50012
73.43,25.07,FICA4vowel,RandomCommittee,682,2772.19604,564.28345
66.97,22.87,FICA4vowel,J48,186,2772.38525,620.82739
71.31,24.34,FICA4vowel,LMT,17805,2790.19336,793.73541
78.48,26.76,FICA4vowel,RandomForest,4287,2794.46631,524.2135
67.27,22.95,FICA4vowel,RandomTree,62,2794.54126,537.28625
52.22,17.95,FICA4vowel,REPTree,46,2794.59155,550.36346
Acc,SAR,Dataset,Algorithm,runTime,CPUtime,usedMemory
20.5,7.31,FICA4pendigits,DecisionStump,227,2794.85278,589.58154
19.51,6.89,FICA4pendigits,LibSVM,215064,3009.77563,383.06378
83.83,28.54,FICA4pendigits,MultilayerPerceptron,276934,3286.94141,461.0874
74.94,25.57,FICA4pendigits,Logistic,29541,3316.46899,373.13742
74.94,25.57,FICA4pendigits,SimpleLogistic,76224,3392.43677,142.23679
80.35,27.35,FICA4pendigits,SMO,6359,3398.75586,270.83893
90.57,30.8,FICA4pendigits,IBk,6682,3405.44263,302.86325
90.27,30.71,FICA4pendigits,KStar,1264693,4669.67285,145.74673
58.7,20.11,FICA4pendigits,LWL,440797,5109.71289,156.23456
76.69,26.16,FICA4pendigits,BayesNet,654,5110.38721,214.08008
73.85,25.21,FICA4pendigits,NaiveBayes,262,5110.66602,198.69283
73.85,25.21,FICA4pendigits,NaiveBayesUpdateable,269,5110.96533,205.04784
20.5,7.31,FICA4pendigits,AdaBoostM1,297,5111.27197,299.30957
89.86,30.58,FICA4pendigits,Bagging,5476,5116.73193,244.04242
10.37,3.86,FICA4pendigits,Stacking,206,5116.94727,368.26141
79.7,27.17,FICA4pendigits,LogitBoost,12357,5129.18701,193.40442
10.37,3.86,FICA4pendigits,Vote,29,5129.23389,213.35129
78.5,26.76,FICA4pendigits,DecisionTable,3610,5132.84863,478.40088
86.49,29.44,FICA4pendigits,JRip,57178,5189.43262,531.90057
31.7,10.98,FICA4pendigits,OneR,171,5189.6123,608.28448
10.37,3.86,FICA4pendigits,ZeroR,21,5189.64014,621.00885
88.1,29.97,FICA4pendigits,PART,12944,5202.59521,398.2449
89.95,30.6,FICA4pendigits,RandomCommittee,8051,5210.6499,369.00671
88.5,30.11,FICA4pendigits,J48,2287,5212.93945,199.41731
90.82,30.9,FICA4pendigits,LMT,434869,5646.53613,339.05237
91.28,31.06,FICA4pendigits,RandomForest,51076,5697.14551,710.48499
87.21,29.66,FICA4pendigits,RandomTree,884,5698.00879,225.0045
87.52,29.78,FICA4pendigits,REPTree,597,5698.61621,349.89087
82.99,28.16,FICA4vote,DecisionStump,4,5698.62207,362.36359
61.38,20.75,FICA4vote,LibSVM,313,5698.93555,374.83777
91.51,31.08,FICA4vote,MultilayerPerceptron,2645,5701.58496,374.83777
93.57,31.78,FICA4vote,Logistic,67,5701.65283,387.31079
93.56,31.77,FICA4vote,SimpleLogistic,512,5702.16895,574.40515
93.56,31.75,FICA4vote,SMO,55,5702.2251,724.21106
88.99,30.19,FICA4vote,IBk,15,5702.24072,724.21106
90.14,30.61,FICA4vote,KStar,1529,5703.77197,799.05054
86.44,29.35,FICA4vote,LWL,409,5704.07275,62.50902
91.49,31.06,FICA4vote,BayesNet,11,5704.08398,62.50902
90.57,30.76,FICA4vote,NaiveBayes,4,5704.08936,62.50902
90.57,30.76,FICA4vote,NaiveBayesUpdateable,5,5704.09473,73.97519
90.12,30.61,FICA4vote,AdaBoostM1,77,5704.17236,85.44133
91.5,31.07,FICA4vote,Bagging,74,5704.23828,119.84183
61.38,20.8,FICA4vote,Stacking,6,5704.24512,119.84183
91.49,31.07,FICA4vote,LogitBoost,60,5704.2959,255.50978
61.38,20.8,FICA4vote,Vote,1,5704.29785,266.97623
91.95,31.21,FICA4vote,DecisionTable,50,5704.34814,278.44235
89.91,30.51,FICA4vote,JRip,83,5704.43213,324.31076
82.07,27.82,FICA4vote,OneR,5,5704.43799,324.31076
61.38,20.8,FICA4vote,ZeroR,0,5704.43896,324.31076
90.6,30.75,FICA4vote,PART,22,5704.4624,324.31076
90.36,30.68,FICA4vote,RandomCommittee,115,5704.57861,347.25082
91.04,30.9,FICA4vote,J48,15,5704.59521,358.71698
93.56,31.77,FICA4vote,LMT,971,5705.56641,60.29583
91.51,31.08,FICA4vote,RandomForest,643,5706.2124,229.12018
89.66,30.41,FICA4vote,RandomTree,8,5706.22217,229.12018
91.04,30.9,FICA4vote,REPTree,7,5706.22998,229.12018
46,15.73,FICA4SWD,DecisionStump,6,5706.23047,239.67137
39.9,13.62,FICA4SWD,LibSVM,1456,5707.69824,302.98859
58.5,19.96,FICA4SWD,MultilayerPerceptron,10120,5717.82666,302.98859
56.7,19.36,FICA4SWD,Logistic,405,5718.2334,355.74463
57.2,19.53,FICA4SWD,SimpleLogistic,2125,5720.354,295.76645
58,19.78,FICA4SWD,SMO,388,5720.73682,111.87534
55.9,19.08,FICA4SWD,IBk,57,5720.7959,111.87534
57.5,19.62,FICA4SWD,KStar,5617,5726.41943,491.41049
45.6,15.63,FICA4SWD,LWL,1072,5727.49414,164.05855
52,17.77,FICA4SWD,BayesNet,21,5727.51611,170.77081
56,19.13,FICA4SWD,NaiveBayes,10,5727.5293,184.19539
56,19.13,FICA4SWD,NaiveBayesUpdateable,10,5727.53174,190.90765
46,15.73,FICA4SWD,AdaBoostM1,17,5727.55957,197.6199
57,19.46,FICA4SWD,Bagging,311,5727.87207,325.16357
39.9,13.66,FICA4SWD,Stacking,12,5727.88623,331.87585
57.1,19.49,FICA4SWD,LogitBoost,318,5728.19873,538.3031
39.9,13.66,FICA4SWD,Vote,2,5728.20117,538.3031
52.3,17.87,FICA4SWD,DecisionTable,140,5728.34082,92.5892
55.5,18.94,FICA4SWD,JRip,451,5728.78418,294.22089
53.5,18.22,FICA4SWD,OneR,7,5728.80322,301.1796
39.9,13.66,FICA4SWD,ZeroR,1,5728.80518,301.1796
54.7,18.68,FICA4SWD,PART,139,5728.93555,328.992
55.9,19.08,FICA4SWD,RandomCommittee,361,5729.30811,440.23169
53.8,18.38,FICA4SWD,J48,62,5729.37109,461.0874
57.2,19.53,FICA4SWD,LMT,5551,5734.91992,435.45959
56.2,19.18,FICA4SWD,RandomForest,2625,5737.54248,425.93704
55.9,19.08,FICA4SWD,RandomTree,33,5737.56689,433.82874
54.7,18.68,FICA4SWD,REPTree,31,5737.60596,40.42852
78.18,26.52,FICA4mushroom,DecisionStump,105,5737.72852,63.63239
52.12,17.64,FICA4mushroom,LibSVM,82588,5820.12012,242.80661
94.58,32.12,FICA4mushroom,MultilayerPerceptron,49273,5869.43652,285.89899
89.43,30.35,FICA4mushroom,Logistic,1428,5870.85596,219.17188
89.43,30.35,FICA4mushroom,SimpleLogistic,11840,5882.59961,410.96329
89.21,30.26,FICA4mushroom,SMO,5060,5887.67236,274.61722
99.68,33.88,FICA4mushroom,IBk,3319,5890.99707,294.48639
99.02,33.64,FICA4mushroom,KStar,643826,6534.4751,130.04019
93.18,31.63,FICA4mushroom,LWL,122616,6656.48584,149.42978
91.78,31.17,FICA4mushroom,BayesNet,355,6656.8291,148.61522
82.74,28.11,FICA4mushroom,NaiveBayes,96,6656.93506,149.46332
82.74,28.11,FICA4mushroom,NaiveBayesUpdateable,95,6657.03223,150.40535
93.27,31.67,FICA4mushroom,AdaBoostM1,1619,6658.625,149.25403
98.73,33.54,FICA4mushroom,Bagging,2292,6660.896,232.96701
51.8,17.6,FICA4mushroom,Stacking,118,6661.02197,203.62656
93.88,31.88,FICA4mushroom,LogitBoost,1017,6662.02393,218.92914
51.8,17.6,FICA4mushroom,Vote,11,6662.03809,229.89554
96.58,32.8,FICA4mushroom,DecisionTable,1594,6663.62012,188.59048
98.09,33.31,FICA4mushroom,JRip,10101,6673.64404,513.28772
84.97,28.81,FICA4mushroom,OneR,92,6673.72852,557.59271
51.8,17.6,FICA4mushroom,ZeroR,10,6673.74951,566.44263
98.29,33.39,FICA4mushroom,PART,1041,6674.79004,225.67773
99.27,33.73,FICA4mushroom,RandomCommittee,2816,6677.60547,190.00467
98.68,33.52,FICA4mushroom,J48,765,6678.37549,329.81348
99.04,33.65,FICA4mushroom,LMT,38793,6717.00391,315.3316
99.38,33.77,FICA4mushroom,RandomForest,18612,6735.55664,248.86917
99,33.63,FICA4mushroom,RandomTree,269,6735.82666,291.5762
98.33,33.4,FICA4mushroom,REPTree,250,6736.07471,191.80115
28.57,10,FICA4segment,DecisionStump,32,6736.11768,200.71902
55.37,18.92,FICA4segment,LibSVM,10328,6746.43066,294.55682
81.21,27.66,FICA4segment,MultilayerPerceptron,36835,6783.30029,308.71231
78.83,26.86,FICA4segment,Logistic,4694,6787.9917,214.54712
78.79,26.85,FICA4segment,SimpleLogistic,12732,6800.66455,186.56903
78.4,26.68,FICA4segment,SMO,1102,6801.72266,546.28711
90.74,30.84,FICA4segment,IBk,302,6802.02734,552.71509
88.66,30.16,FICA4segment,KStar,52228,6854.28809,444.76547
58.96,20.21,FICA4segment,LWL,14343,6868.62695,863.45508
81.99,27.92,FICA4segment,BayesNet,91,6868.73438,886.01599
76.58,26.11,FICA4segment,NaiveBayes,48,6868.78711,254.41638
76.58,26.11,FICA4segment,NaiveBayesUpdateable,40,6868.83301,288.92487
28.57,10,FICA4segment,AdaBoostM1,48,6868.88232,311.93051
87.27,29.7,FICA4segment,Bagging,673,6869.55908,519.00732
14.29,5.15,FICA4segment,Stacking,31,6869.59033,553.51563
85.11,28.97,FICA4segment,LogitBoost,1557,6871.13867,424.01801
14.29,5.15,FICA4segment,Vote,5,6871.14551,424.01801
79.31,27.02,FICA4segment,DecisionTable,453,6871.60059,599.44714
83.77,28.51,FICA4segment,JRip,2570,6874.16455,392.05838
63.64,21.7,FICA4segment,OneR,30,6874.1958,413.28168
14.29,5.15,FICA4segment,ZeroR,4,6874.20117,413.28168
85.8,29.19,FICA4segment,PART,802,6875.00488,508.80612
89.09,30.3,FICA4segment,RandomCommittee,1076,6876.08447,710.43768
87.23,29.67,FICA4segment,J48,300,6876.38477,784.72076
86.93,29.58,FICA4segment,LMT,64884,6941.21875,268.15009
90.69,30.85,FICA4segment,RandomForest,7034,6948.20947,311.47528
86.54,29.42,FICA4segment,RandomTree,105,6948.31592,335.57269
84.59,28.79,FICA4segment,REPTree,78,6948.39551,354.84122
65.34,22.13,FICA4tic-tac-toe,DecisionStump,10,6948.4082,359.65625
65.34,22.09,FICA4tic-tac-toe,LibSVM,959,6949.36816,403.01263
75.37,25.59,FICA4tic-tac-toe,MultilayerPerceptron,5861,6955.23486,407.82779
62.52,21.24,FICA4tic-tac-toe,Logistic,85,6955.32324,427.08798
65.24,22.09,FICA4tic-tac-toe,SimpleLogistic,1158,6956.40479,67.89362
65.34,22.09,FICA4tic-tac-toe,SMO,78,6956.48438,231.23967
89.25,30.26,FICA4tic-tac-toe,IBk,65,6956.5498,231.23967
89.67,30.45,FICA4tic-tac-toe,KStar,8641,6965.18506,61.93397
64.31,21.85,FICA4tic-tac-toe,LWL,1590,6966.78809,242.66486
72.54,24.62,FICA4tic-tac-toe,BayesNet,25,6966.81396,251.47748
62.31,21.17,FICA4tic-tac-toe,NaiveBayes,10,6966.82471,260.29669
62.31,21.17,FICA4tic-tac-toe,NaiveBayesUpdateable,11,6966.82568,13.59667
70.56,23.94,FICA4tic-tac-toe,AdaBoostM1,179,6967.01514,54.23453
84.45,28.68,FICA4tic-tac-toe,Bagging,271,6967.28711,144.5762
65.34,22.12,FICA4tic-tac-toe,Stacking,12,6967.30029,158.11993
70.46,23.91,FICA4tic-tac-toe,LogitBoost,113,6967.40527,234.11902
65.34,22.12,FICA4tic-tac-toe,Vote,3,6967.40771,238.63361
71.2,24.16,FICA4tic-tac-toe,DecisionTable,130,6967.53809,42.94158
75.15,25.48,FICA4tic-tac-toe,JRip,579,6968.11768,39.41595
66.49,22.5,FICA4tic-tac-toe,OneR,11,6968.11963,43.69305
65.34,22.12,FICA4tic-tac-toe,ZeroR,1,6968.13135,43.69305
70.45,23.92,FICA4tic-tac-toe,PART,84,6968.21826,56.5271
87.16,29.6,FICA4tic-tac-toe,RandomCommittee,404,6968.62354,142.08125
74.12,25.14,FICA4tic-tac-toe,J48,55,6968.68066,154.91562
75.05,25.46,FICA4tic-tac-toe,LMT,19332,6987.91504,13.29752
89.67,30.45,FICA4tic-tac-toe,RandomForest,2536,6990.44043,67.19633
82.46,27.95,FICA4tic-tac-toe,RandomTree,40,6990.47852,20.89369
77.87,26.43,FICA4tic-tac-toe,REPTree,26,6990.50537,31.08055
