Accuracy,RMSE,Fscore,PRC,AUC,SAR,Dataset,nInstances,nClasses,nAttributes,Algorithm,runTime,CPUtime
20.5,0.29,0.07,0.17,0.72,7.31,FICA4pendigits,10992,10,4,DecisionStump,430,680712787
19.51,0.4,0.08,0.13,0.55,6.89,FICA4pendigits,10992,10,4,LibSVM,197674,1.97E+11
83.83,0.16,0.83,0.86,0.94,28.54,FICA4pendigits,10992,10,4,MultilayerPerceptron,230516,4.27E+11
74.94,0.19,0.74,0.78,0.96,25.57,FICA4pendigits,10992,10,4,Logistic,29502,4.56E+11
74.94,0.19,0.74,0.78,0.96,25.57,FICA4pendigits,10992,10,4,SimpleLogistic,74810,5.29E+11
80.35,0.27,0.8,0.75,0.96,27.35,FICA4pendigits,10992,10,4,SMO,7365,5.36E+11
90.57,0.14,0.91,0.83,0.95,30.8,FICA4pendigits,10992,10,4,IBk,6243,5.43E+11
90.27,0.12,0.9,0.96,0.99,30.71,FICA4pendigits,10992,10,4,KStar,1232215,1.77E+12
58.7,0.27,0.51,0.62,0.91,20.11,FICA4pendigits,10992,10,4,LWL,419206,2.19E+12
76.69,0.18,0.77,0.83,0.97,26.16,FICA4pendigits,10992,10,4,BayesNet,901,2.19E+12
73.85,0.19,0.73,0.79,0.96,25.21,FICA4pendigits,10992,10,4,NaiveBayes,407,2.19E+12
73.85,0.19,0.73,0.79,0.96,25.21,FICA4pendigits,10992,10,4,NaiveBayesUpdateable,293,2.19E+12
20.5,0.29,0.07,0.17,0.72,7.31,FICA4pendigits,10992,10,4,AdaBoostM1,287,2.19E+12
89.86,0.12,0.9,0.95,0.99,30.58,FICA4pendigits,10992,10,4,Bagging,5819,2.19E+12
10.37,0.3,0.02,0.1,0.5,3.86,FICA4pendigits,10992,10,4,Stacking,208,2.19E+12
79.7,0.18,0.8,0.85,0.97,27.17,FICA4pendigits,10992,10,4,LogitBoost,13055,2.21E+12
10.37,0.3,0.02,0.1,0.5,3.86,FICA4pendigits,10992,10,4,Vote,44,2.21E+12
78.5,0.2,0.78,0.83,0.97,26.76,FICA4pendigits,10992,10,4,DecisionTable,3563,2.21E+12
86.49,0.15,0.87,0.85,0.97,29.44,FICA4pendigits,10992,10,4,JRip,55191,2.26E+12
31.7,0.37,0.3,0.17,0.62,10.98,FICA4pendigits,10992,10,4,OneR,428,2.26E+12
10.37,0.3,0.02,0.1,0.5,3.86,FICA4pendigits,10992,10,4,ZeroR,20,2.26E+12
88.1,0.14,0.88,0.87,0.97,29.97,FICA4pendigits,10992,10,4,PART,12560,2.28E+12
89.95,0.12,0.9,0.93,0.98,30.6,FICA4pendigits,10992,10,4,RandomCommittee,7717,2.28E+12
88.5,0.14,0.88,0.86,0.96,30.11,FICA4pendigits,10992,10,4,J48,2441,2.29E+12
90.82,0.12,0.91,0.94,0.99,30.9,FICA4pendigits,10992,10,4,LMT,418718,2.70E+12
91.28,0.11,0.91,0.96,0.99,31.06,FICA4pendigits,10992,10,4,RandomForest,48104,2.75E+12
87.21,0.16,0.87,0.78,0.93,29.66,FICA4pendigits,10992,10,4,RandomTree,822,2.75E+12
87.52,0.14,0.87,0.89,0.98,29.78,FICA4pendigits,10992,10,4,REPTree,626,2.75E+12
92.5,0.22,0.89,0.89,0.37,31.22,FICA4sponge,76,3,4,DecisionStump,0,2.75E+12
92.5,0.17,0.89,0.87,0.3,31.21,FICA4sponge,76,3,4,LibSVM,40,2.75E+12
88.39,0.23,0.87,0.96,0.47,29.88,FICA4sponge,76,3,4,MultilayerPerceptron,502,2.75E+12
90.71,0.22,0.91,0.96,0.49,30.66,FICA4sponge,76,3,4,Logistic,133,2.75E+12
92.5,0.44,0.89,0.87,0.3,31.12,FICA4sponge,76,3,4,SimpleLogistic,138,2.75E+12
92.5,0.32,0.89,0.87,0.3,31.16,FICA4sponge,76,3,4,SMO,117,2.75E+12
95,0.13,0.93,0.91,0.4,32.09,FICA4sponge,76,3,4,IBk,2,2.75E+12
95,0.13,0.93,0.96,0.48,32.12,FICA4sponge,76,3,4,KStar,38,2.75E+12
91.25,0.23,0.88,0.93,0.42,30.82,FICA4sponge,76,3,4,LWL,13,2.75E+12
92.5,0.19,0.89,0.87,0.3,31.2,FICA4sponge,76,3,4,BayesNet,7,2.75E+12
93.75,0.16,0.92,0.94,0.45,31.68,FICA4sponge,76,3,4,NaiveBayes,0,2.75E+12
93.75,0.16,0.92,0.94,0.45,31.68,FICA4sponge,76,3,4,NaiveBayesUpdateable,2,2.75E+12
92.5,0.19,0.89,0.95,0.48,31.27,FICA4sponge,76,3,4,AdaBoostM1,31,2.75E+12
92.5,0.2,0.89,0.94,0.47,31.26,FICA4sponge,76,3,4,Bagging,43,2.75E+12
92.5,0.2,0.89,0.87,0.3,31.2,FICA4sponge,76,3,4,Stacking,5,2.75E+12
91.07,0.18,0.89,0.97,0.5,30.8,FICA4sponge,76,3,4,LogitBoost,158,2.75E+12
92.5,0.2,0.89,0.87,0.3,31.2,FICA4sponge,76,3,4,Vote,2,2.75E+12
92.5,0.2,0.89,0.87,0.3,31.2,FICA4sponge,76,3,4,DecisionTable,32,2.75E+12
91.25,0.19,0.88,0.87,0.29,30.78,FICA4sponge,76,3,4,JRip,10,2.75E+12
92.5,0.17,0.9,0.89,0.39,31.24,FICA4sponge,76,3,4,OneR,3,2.75E+12
92.5,0.2,0.89,0.87,0.3,31.2,FICA4sponge,76,3,4,ZeroR,1,2.75E+12
95,0.15,0.93,0.92,0.39,32.08,FICA4sponge,76,3,4,PART,2,2.75E+12
92.32,0.16,0.91,0.95,0.5,31.22,FICA4sponge,76,3,4,RandomCommittee,35,2.75E+12
92.5,0.2,0.89,0.86,0.26,31.19,FICA4sponge,76,3,4,J48,1,2.75E+12
92.5,0.43,0.89,0.87,0.3,31.12,FICA4sponge,76,3,4,LMT,1425,2.75E+12
93.75,0.17,0.91,0.96,0.55,31.71,FICA4sponge,76,3,4,RandomForest,207,2.75E+12
93.57,0.15,0.92,0.92,0.44,31.62,FICA4sponge,76,3,4,RandomTree,1,2.75E+12
89.64,0.22,0.87,0.87,0.3,30.24,FICA4sponge,76,3,4,REPTree,2,2.75E+12
69,0.35,0.62,0.66,0.84,23.5,FICA4splice,3190,3,4,DecisionStump,38,2.75E+12
51.88,0.57,0.35,0.38,0.5,17.6,FICA4splice,3190,3,4,LibSVM,11319,2.76E+12
92.51,0.2,0.93,0.98,0.99,31.43,FICA4splice,3190,3,4,MultilayerPerceptron,21395,2.78E+12
92.51,0.19,0.93,0.98,0.99,31.43,FICA4splice,3190,3,4,Logistic,1382,2.78E+12
92.45,0.19,0.92,0.98,0.99,31.41,FICA4splice,3190,3,4,SimpleLogistic,6494,2.79E+12
92.66,0.3,0.93,0.89,0.95,31.44,FICA4splice,3190,3,4,SMO,305,2.79E+12
90.88,0.25,0.91,0.87,0.93,30.85,FICA4splice,3190,3,4,IBk,707,2.79E+12
92.92,0.19,0.93,0.98,0.99,31.57,FICA4splice,3190,3,4,KStar,88166,2.88E+12
89.18,0.32,0.89,0.94,0.96,30.28,FICA4splice,3190,3,4,LWL,18274,2.90E+12
91.32,0.2,0.91,0.97,0.98,31.03,FICA4splice,3190,3,4,BayesNet,85,2.90E+12
85.42,0.27,0.85,0.96,0.98,29.04,FICA4splice,3190,3,4,NaiveBayes,38,2.90E+12
85.42,0.27,0.85,0.96,0.98,29.04,FICA4splice,3190,3,4,NaiveBayesUpdateable,37,2.90E+12
89.53,0.29,0.89,0.92,0.96,30.4,FICA4splice,3190,3,4,AdaBoostM1,621,2.90E+12
92.29,0.19,0.92,0.97,0.98,31.36,FICA4splice,3190,3,4,Bagging,851,2.90E+12
51.88,0.45,0.35,0.38,0.5,17.64,FICA4splice,3190,3,4,Stacking,40,2.90E+12
91.91,0.2,0.92,0.97,0.98,31.23,FICA4splice,3190,3,4,LogitBoost,957,2.90E+12
51.88,0.45,0.35,0.38,0.5,17.64,FICA4splice,3190,3,4,Vote,7,2.90E+12
91.57,0.21,0.92,0.96,0.98,31.11,FICA4splice,3190,3,4,DecisionTable,430,2.90E+12
91.79,0.22,0.92,0.91,0.95,31.17,FICA4splice,3190,3,4,JRip,2633,2.90E+12
70.66,0.44,0.7,0.62,0.79,24,FICA4splice,3190,3,4,OneR,36,2.90E+12
51.88,0.45,0.35,0.38,0.5,17.64,FICA4splice,3190,3,4,ZeroR,5,2.90E+12
91.5,0.22,0.92,0.94,0.97,31.09,FICA4splice,3190,3,4,PART,387,2.90E+12
91.69,0.21,0.92,0.94,0.97,31.15,FICA4splice,3190,3,4,RandomCommittee,1179,2.91E+12
92.01,0.21,0.92,0.93,0.96,31.25,FICA4splice,3190,3,4,J48,223,2.91E+12
92.63,0.19,0.93,0.98,0.99,31.48,FICA4splice,3190,3,4,LMT,20754,2.93E+12
93.13,0.19,0.93,0.97,0.99,31.64,FICA4splice,3190,3,4,RandomForest,7430,2.93E+12
89.94,0.26,0.9,0.85,0.92,30.53,FICA4splice,3190,3,4,RandomTree,123,2.93E+12
91.35,0.22,0.91,0.93,0.96,31.03,FICA4splice,3190,3,4,REPTree,87,2.93E+12
46.67,0.41,0.4,0.52,0.57,15.94,FICA4prnn-virus3,38,4,4,DecisionStump,0,2.94E+12
55.83,0.47,0.4,0.44,0.5,18.96,FICA4prnn-virus3,38,4,4,LibSVM,24,2.94E+12
65,0.29,0.62,0.88,0.83,22.18,FICA4prnn-virus3,38,4,4,MultilayerPerceptron,348,2.94E+12
57.5,0.38,0.52,0.81,0.77,19.63,FICA4prnn-virus3,38,4,4,Logistic,23,2.94E+12
62.5,0.35,0.57,0.88,0.85,21.33,FICA4prnn-virus3,38,4,4,SimpleLogistic,106,2.94E+12
65.83,0.37,0.57,0.61,0.66,22.37,FICA4prnn-virus3,38,4,4,SMO,223,2.94E+12
73.33,0.32,0.7,0.74,0.78,24.93,FICA4prnn-virus3,38,4,4,IBk,1,2.94E+12
78.33,0.26,0.74,0.92,0.93,26.67,FICA4prnn-virus3,38,4,4,KStar,6,2.94E+12
59.17,0.33,0.53,0.84,0.84,20.23,FICA4prnn-virus3,38,4,4,LWL,4,2.94E+12
51.67,0.37,0.43,0.65,0.7,17.67,FICA4prnn-virus3,38,4,4,BayesNet,4,2.94E+12
56.67,0.35,0.53,0.82,0.75,19.36,FICA4prnn-virus3,38,4,4,NaiveBayes,1,2.94E+12
56.67,0.35,0.53,0.82,0.75,19.36,FICA4prnn-virus3,38,4,4,NaiveBayesUpdateabl,1.00E+00,2.93E+12
58.33,0.37,0.5,0.74,0.79,19.92,FICA4prnn-virus3,38,4,4,AdaBoostM1,12,2.93E+12
60.83,0.34,0.54,0.85,0.85,20.78,FICA4prnn-virus3,38,4,4,Bagging,17,2.93E+12
55.83,0.39,0.4,0.44,0.5,18.98,FICA4prnn-virus3,38,4,4,Stacking,2,2.93E+12
66.67,0.35,0.63,0.86,0.82,22.71,FICA4prnn-virus3,38,4,4,LogitBoost,109,2.93E+12
55.83,0.39,0.4,0.44,0.5,18.98,FICA4prnn-virus3,38,4,4,Vote,1,2.93E+12
49.17,0.39,0.41,0.56,0.59,16.79,FICA4prnn-virus3,38,4,4,DecisionTable,14,2.93E+12
55,0.41,0.45,0.55,0.58,18.72,FICA4prnn-virus3,38,4,4,JRip,8,2.93E+12
53.33,0.48,0.44,0.49,0.54,18.13,FICA4prnn-virus3,38,4,4,OneR,2,2.93E+12
55.83,0.39,0.4,0.44,0.5,18.98,FICA4prnn-virus3,38,4,4,ZeroR,0,2.93E+12
56.67,0.38,0.51,0.68,0.72,19.33,FICA4prnn-virus3,38,4,4,PART,3,2.93E+12
66.67,0.33,0.65,0.79,0.82,22.72,FICA4prnn-virus3,38,4,4,RandomCommittee,32,2.93E+12
51.67,0.42,0.45,0.63,0.68,17.64,FICA4prnn-virus3,38,4,4,J48,1,2.93E+12
62.5,0.36,0.57,0.86,0.82,21.32,FICA4prnn-virus3,38,4,4,LMT,136,2.93E+12
67.5,0.33,0.64,0.86,0.84,23,FICA4prnn-virus3,38,4,4,RandomForest,141,2.94E+12
56.67,0.44,0.56,0.65,0.68,19.3,FICA4prnn-virus3,38,4,4,RandomTree,1,2.94E+12
43.33,0.43,0.37,0.53,0.53,14.81,FICA4prnn-virus3,38,4,4,REPTree,1,2.94E+12
67.79,0.47,0.67,0.63,0.68,23,FICA4sonar,208,2,4,DecisionStump,7,2.94E+12
53.38,0.68,0.37,0.5,0.5,18.07,FICA4sonar,208,2,4,LibSVM,101,2.94E+12
80.74,0.37,0.81,0.88,0.87,27.41,FICA4sonar,208,2,4,MultilayerPerceptron,1172,2.94E+12
75.48,0.41,0.75,0.85,0.83,25.63,FICA4sonar,208,2,4,Logistic,23,2.94E+12
77.88,0.41,0.78,0.86,0.84,26.44,FICA4sonar,208,2,4,SimpleLogistic,245,2.94E+12
76,0.48,0.76,0.71,0.76,25.76,FICA4sonar,208,2,4,SMO,42,2.94E+12
81.29,0.42,0.81,0.77,0.81,27.56,FICA4sonar,208,2,4,IBk,5,2.94E+12
77.95,0.4,0.78,0.87,0.86,26.47,FICA4sonar,208,2,4,KStar,329,2.94E+12
71.19,0.43,0.7,0.84,0.83,24.19,FICA4sonar,208,2,4,LWL,67,2.94E+12
77.45,0.4,0.77,0.83,0.85,26.3,FICA4sonar,208,2,4,BayesNet,5,2.94E+12
76.48,0.41,0.76,0.85,0.84,25.97,FICA4sonar,208,2,4,NaiveBayes,2,2.94E+12
76.48,0.41,0.76,0.85,0.84,25.97,FICA4sonar,208,2,4,NaiveBayesUpdateable,2,2.94E+12
75.52,0.41,0.75,0.81,0.83,25.65,FICA4sonar,208,2,4,AdaBoostM1,42,2.94E+12
77.4,0.38,0.77,0.9,0.89,26.31,FICA4sonar,208,2,4,Bagging,48,2.94E+12
53.38,0.5,0.37,0.5,0.5,18.13,FICA4sonar,208,2,4,Stacking,5,2.94E+12
72.19,0.41,0.72,0.85,0.84,24.54,FICA4sonar,208,2,4,LogitBoost,93,2.94E+12
53.38,0.5,0.37,0.5,0.5,18.13,FICA4sonar,208,2,4,Vote,1,2.94E+12
77.9,0.4,0.78,0.8,0.83,26.45,FICA4sonar,208,2,4,DecisionTable,57,2.94E+12
72.64,0.45,0.72,0.7,0.74,24.64,FICA4sonar,208,2,4,JRip,51,2.94E+12
60.12,0.63,0.59,0.57,0.6,20.36,FICA4sonar,208,2,4,OneR,3,2.94E+12
53.38,0.5,0.37,0.5,0.5,18.13,FICA4sonar,208,2,4,ZeroR,0,2.94E+12
73.05,0.41,0.72,0.79,0.82,24.82,FICA4sonar,208,2,4,PART,13,2.94E+12
78.86,0.41,0.79,0.83,0.85,26.77,FICA4sonar,208,2,4,RandomCommittee,65,2.94E+12
76,0.42,0.76,0.8,0.83,25.8,FICA4sonar,208,2,4,J48,10,2.94E+12
76.38,0.41,0.76,0.85,0.84,25.94,FICA4sonar,208,2,4,LMT,440,2.94E+12
82.24,0.35,0.82,0.92,0.91,27.93,FICA4sonar,208,2,4,RandomForest,433,2.94E+12
77.43,0.46,0.77,0.73,0.77,26.25,FICA4sonar,208,2,4,RandomTree,5,2.94E+12
71.19,0.45,0.7,0.73,0.76,24.17,FICA4sonar,208,2,4,REPTree,5,2.94E+12
28.32,0.2,0.16,0.18,0.67,9.93,FICA4primary-turmor,339,21,4,DecisionStump,5,2.94E+12
24.79,0.27,0.1,0.11,0.5,8.67,FICA4primary-turmor,339,21,4,LibSVM,708,2.94E+12
38.95,0.19,0.35,0.47,0.79,13.51,FICA4primary-turmor,339,21,4,MultilayerPerceptron,18066,2.96E+12
40.4,0.19,0.34,0.49,0.8,14,FICA4primary-turmor,339,21,4,Logistic,3270,2.96E+12
40.42,0.19,0.32,0.49,0.8,14.01,FICA4primary-turmor,339,21,4,SimpleLogistic,2928,2.96E+12
33.36,0.21,0.22,0.28,0.7,11.62,FICA4primary-turmor,339,21,4,SMO,6449,2.97E+12
32.74,0.24,0.31,0.31,0.67,11.39,FICA4primary-turmor,339,21,4,IBk,10,2.97E+12
35.1,0.21,0.32,0.45,0.76,12.22,FICA4primary-turmor,339,21,4,KStar,927,2.97E+12
31.02,0.2,0.2,0.47,0.79,10.87,FICA4primary-turmor,339,21,4,LWL,509,2.97E+12
29.78,0.2,0.19,0.23,0.71,10.43,FICA4primary-turmor,339,21,4,BayesNet,14,2.97E+12
38.64,0.19,0.34,0.47,0.78,13.41,FICA4primary-turmor,339,21,4,NaiveBayes,11,2.97E+12
38.64,0.19,0.34,0.47,0.78,13.41,FICA4primary-turmor,339,21,4,NaiveBayesUpdateable,11,2.97E+12
28.32,0.2,0.16,0.18,0.67,9.93,FICA4primary-turmor,339,21,4,AdaBoostM1,13,2.97E+12
37.47,0.19,0.32,0.46,0.78,13.02,FICA4primary-turmor,339,21,4,Bagging,159,2.97E+12
24.79,0.21,0.1,0.11,0.5,8.69,FICA4primary-turmor,339,21,4,Stacking,7,2.97E+12
34.5,0.2,0.31,0.45,0.78,12.03,FICA4primary-turmor,339,21,4,LogitBoost,752,2.97E+12
24.79,0.21,0.1,0.11,0.5,8.69,FICA4primary-turmor,339,21,4,Vote,1,2.97E+12
28.01,0.2,0.17,0.2,0.66,9.83,FICA4primary-turmor,339,21,4,DecisionTable,93,2.97E+12
34.24,0.2,0.23,0.24,0.63,11.89,FICA4primary-turmor,339,21,4,JRip,426,2.97E+12
27.16,0.26,0.2,0.17,0.56,9.49,FICA4primary-turmor,339,21,4,OneR,5,2.97E+12
24.79,0.21,0.1,0.11,0.5,8.69,FICA4primary-turmor,339,21,4,ZeroR,1,2.97E+12
32.15,0.23,0.29,0.32,0.65,11.19,FICA4primary-turmor,339,21,4,PART,170,2.97E+12
32.74,0.22,0.3,0.36,0.69,11.4,FICA4primary-turmor,339,21,4,RandomCommittee,244,2.97E+12
33.93,0.22,0.31,0.33,0.66,11.79,FICA4primary-turmor,339,21,4,J48,42,2.97E+12
40.71,0.19,0.32,0.48,0.8,14.11,FICA4primary-turmor,339,21,4,LMT,5578,2.98E+12
34.81,0.2,0.31,0.45,0.77,12.13,FICA4primary-turmor,339,21,4,RandomForest,1736,2.98E+12
31.25,0.25,0.29,0.28,0.63,10.88,FICA4primary-turmor,339,21,4,RandomTree,26,2.98E+12
35.12,0.2,0.27,0.32,0.71,12.21,FICA4primary-turmor,339,21,4,REPTree,19,2.98E+12
60.08,0.48,0.54,0.58,0.6,20.4,FICA4monk-problems-1,556,2,4,DecisionStump,5,2.99E+12
58.56,0.64,0.52,0.56,0.59,19.84,FICA4monk-problems-1,556,2,4,LibSVM,485,2.99E+12
68.73,0.44,0.68,0.77,0.77,23.35,FICA4monk-problems-1,556,2,4,MultilayerPerceptron,3146,2.99E+12
66.2,0.46,0.66,0.71,0.71,22.48,FICA4monk-problems-1,556,2,4,Logistic,56,2.99E+12
67.47,0.47,0.67,0.71,0.71,22.91,FICA4monk-problems-1,556,2,4,SimpleLogistic,624,2.99E+12
66.92,0.57,0.67,0.61,0.67,22.67,FICA4monk-problems-1,556,2,4,SMO,87,2.99E+12
72.86,0.52,0.73,0.67,0.71,24.68,FICA4monk-problems-1,556,2,4,IBk,21,2.99E+12
78.23,0.36,0.78,0.91,0.9,26.59,FICA4monk-problems-1,556,2,4,KStar,2609,2.99E+12
68.89,0.44,0.67,0.79,0.78,23.41,FICA4monk-problems-1,556,2,4,LWL,523,2.99E+12
67.27,0.45,0.67,0.68,0.72,22.84,FICA4monk-problems-1,556,2,4,BayesNet,12,2.99E+12
67.46,0.46,0.67,0.72,0.72,22.91,FICA4monk-problems-1,556,2,4,NaiveBayes,5,2.99E+12
67.46,0.46,0.67,0.72,0.72,22.91,FICA4monk-problems-1,556,2,4,NaiveBayesUpdateable,6,2.99E+12
67.63,0.46,0.67,0.67,0.71,22.96,FICA4monk-problems-1,556,2,4,AdaBoostM1,94,2.99E+12
90.84,0.28,0.91,0.97,0.97,30.84,FICA4monk-problems-1,556,2,4,Bagging,180,2.99E+12
49.64,0.5,0.33,0.5,0.5,16.88,FICA4monk-problems-1,556,2,4,Stacking,7,2.99E+12
70.88,0.44,0.71,0.75,0.76,24.07,FICA4monk-problems-1,556,2,4,LogitBoost,65,2.99E+12
49.64,0.5,0.33,0.5,0.5,16.88,FICA4monk-problems-1,556,2,4,Vote,2,2.99E+12
67.98,0.45,0.68,0.68,0.72,23.08,FICA4monk-problems-1,556,2,4,DecisionTable,62,2.99E+12
83.11,0.37,0.83,0.83,0.86,28.2,FICA4monk-problems-1,556,2,4,JRip,327,2.99E+12
69.44,0.55,0.69,0.64,0.69,23.53,FICA4monk-problems-1,556,2,4,OneR,6,2.99E+12
49.64,0.5,0.33,0.5,0.5,16.88,FICA4monk-problems-1,556,2,4,ZeroR,1,2.99E+12
81.85,0.36,0.81,0.84,0.87,27.79,FICA4monk-problems-1,556,2,4,PART,66,2.99E+12
96.22,0.17,0.96,0.98,0.99,32.68,FICA4monk-problems-1,556,2,4,RandomCommittee,181,2.99E+12
90.3,0.29,0.9,0.92,0.94,30.65,FICA4monk-problems-1,556,2,4,J48,49,2.99E+12
87.6,0.29,0.88,0.94,0.94,29.75,FICA4monk-problems-1,556,2,4,LMT,1106,2.99E+12
96.76,0.19,0.97,0.99,0.99,32.85,FICA4monk-problems-1,556,2,4,RandomForest,1274,2.99E+12
92.81,0.26,0.93,0.9,0.93,31.49,FICA4monk-problems-1,556,2,4,RandomTree,19,2.99E+12
87.77,0.31,0.88,0.91,0.92,29.79,FICA4monk-problems-1,556,2,4,REPTree,21,2.99E+12
91.27,0.17,0.89,0.86,0.71,30.93,FICA4page-blocks,5473,5,4,DecisionStump,72,2.99E+12
89.77,0.2,0.85,0.81,0.5,30.36,FICA4page-blocks,5473,5,4,LibSVM,7844,3.00E+12
94.94,0.12,0.94,0.97,0.96,32.26,FICA4page-blocks,5473,5,4,MultilayerPerceptron,54890,3.05E+12
95.45,0.12,0.95,0.98,0.97,32.43,FICA4page-blocks,5473,5,4,Logistic,4511,3.06E+12
95.43,0.12,0.95,0.98,0.97,32.43,FICA4page-blocks,5473,5,4,SimpleLogistic,22880,3.08E+12
91.59,0.32,0.89,0.85,0.61,30.96,FICA4page-blocks,5473,5,4,SMO,789,3.08E+12
95.91,0.13,0.96,0.94,0.89,32.55,FICA4page-blocks,5473,5,4,IBk,1800,3.08E+12
96.47,0.11,0.96,0.98,0.98,32.78,FICA4page-blocks,5473,5,4,KStar,277923,3.36E+12
91.27,0.16,0.89,0.94,0.91,31,FICA4page-blocks,5473,5,4,LWL,69222,3.43E+12
93.9,0.14,0.94,0.97,0.96,31.91,FICA4page-blocks,5473,5,4,BayesNet,213,3.43E+12
90.06,0.18,0.9,0.94,0.93,30.6,FICA4page-blocks,5473,5,4,NaiveBayes,74,3.43E+12
90.06,0.18,0.9,0.94,0.93,30.6,FICA4page-blocks,5473,5,4,NaiveBayesUpdateable,85,3.43E+12
91.27,0.17,0.89,0.91,0.89,30.99,FICA4page-blocks,5473,5,4,AdaBoostM1,512,3.43E+12
96.58,0.1,0.96,0.98,0.98,32.82,FICA4page-blocks,5473,5,4,Bagging,1897,3.43E+12
89.77,0.19,0.85,0.81,0.5,30.36,FICA4page-blocks,5473,5,4,Stacking,74,3.43E+12
95.78,0.11,0.96,0.98,0.98,32.55,FICA4page-blocks,5473,5,4,LogitBoost,2885,3.43E+12
89.77,0.19,0.85,0.81,0.5,30.36,FICA4page-blocks,5473,5,4,Vote,8,3.43E+12
94.81,0.13,0.94,0.96,0.95,32.21,FICA4page-blocks,5473,5,4,DecisionTable,969,3.44E+12
96.38,0.11,0.96,0.95,0.89,32.72,FICA4page-blocks,5473,5,4,JRip,6887,3.44E+12
91.54,0.18,0.9,0.86,0.69,31.02,FICA4page-blocks,5473,5,4,OneR,64,3.44E+12
89.77,0.19,0.85,0.81,0.5,30.36,FICA4page-blocks,5473,5,4,ZeroR,1,3.44E+12
96.09,0.11,0.96,0.96,0.95,32.64,FICA4page-blocks,5473,5,4,PART,786,3.44E+12
96.36,0.11,0.96,0.97,0.95,32.74,FICA4page-blocks,5473,5,4,RandomCommittee,3169,3.45E+12
96,0.12,0.96,0.96,0.94,32.61,FICA4page-blocks,5473,5,4,J48,589,3.45E+12
96.33,0.11,0.96,0.97,0.96,32.73,FICA4page-blocks,5473,5,4,LMT,140982,3.59E+12
97.04,0.1,0.97,0.98,0.98,32.98,FICA4page-blocks,5473,5,4,RandomForest,18314,3.60E+12
95.56,0.13,0.96,0.94,0.89,32.44,FICA4page-blocks,5473,5,4,RandomTree,327,3.60E+12
96.07,0.12,0.96,0.96,0.96,32.64,FICA4page-blocks,5473,5,4,REPTree,200,3.60E+12
90.74,0.27,0.86,0.89,0.78,30.75,FICA4sick-euthroid,3163,2,4,DecisionStump,37,3.60E+12
90.74,0.3,0.86,0.83,0.5,30.64,FICA4sick-euthroid,3163,2,4,LibSVM,2606,3.61E+12
92.03,0.24,0.91,0.94,0.88,31.23,FICA4sick-euthroid,3163,2,4,MultilayerPerceptron,17349,3.62E+12
91.12,0.25,0.89,0.94,0.88,30.91,FICA4sick-euthroid,3163,2,4,Logistic,427,3.62E+12
91.12,0.25,0.89,0.94,0.88,30.91,FICA4sick-euthroid,3163,2,4,SimpleLogistic,3970,3.63E+12
90.74,0.3,0.86,0.83,0.5,30.64,FICA4sick-euthroid,3163,2,4,SMO,165,3.63E+12
90.99,0.3,0.91,0.89,0.73,30.81,FICA4sick-euthroid,3163,2,4,IBk,593,3.63E+12
93.01,0.23,0.92,0.96,0.92,31.57,FICA4sick-euthroid,3163,2,4,KStar,94445,3.72E+12
90.74,0.26,0.86,0.94,0.87,30.78,FICA4sick-euthroid,3163,2,4,LWL,17462,3.74E+12
91.72,0.25,0.91,0.93,0.85,31.11,FICA4sick-euthroid,3163,2,4,BayesNet,80,3.74E+12
68.23,0.45,0.75,0.94,0.87,23.21,FICA4sick-euthroid,3163,2,4,NaiveBayes,31,3.74E+12
68.23,0.45,0.75,0.94,0.87,23.21,FICA4sick-euthroid,3163,2,4,NaiveBayesUpdateable,34,3.74E+12
90.74,0.26,0.86,0.91,0.84,30.77,FICA4sick-euthroid,3163,2,4,AdaBoostM1,589,3.74E+12
92.73,0.23,0.92,0.95,0.9,31.47,FICA4sick-euthroid,3163,2,4,Bagging,825,3.74E+12
90.74,0.29,0.86,0.83,0.5,30.65,FICA4sick-euthroid,3163,2,4,Stacking,53,3.74E+12
91.53,0.25,0.9,0.94,0.88,31.05,FICA4sick-euthroid,3163,2,4,LogitBoost,380,3.74E+12
90.74,0.29,0.86,0.83,0.5,30.65,FICA4sick-euthroid,3163,2,4,Vote,7,3.74E+12
91.65,0.25,0.91,0.93,0.87,31.09,FICA4sick-euthroid,3163,2,4,DecisionTable,473,3.74E+12
91.05,0.27,0.91,0.88,0.69,30.82,FICA4sick-euthroid,3163,2,4,JRip,986,3.74E+12
89.28,0.33,0.88,0.85,0.57,30.18,FICA4sick-euthroid,3163,2,4,OneR,33,3.74E+12
90.74,0.29,0.86,0.83,0.5,30.65,FICA4sick-euthroid,3163,2,4,ZeroR,3,3.74E+12
91.65,0.25,0.91,0.92,0.85,31.08,FICA4sick-euthroid,3163,2,4,PART,229,3.74E+12
91.59,0.25,0.91,0.93,0.86,31.07,FICA4sick-euthroid,3163,2,4,RandomCommittee,1307,3.75E+12
92.79,0.24,0.92,0.92,0.8,31.45,FICA4sick-euthroid,3163,2,4,J48,153,3.75E+12
92.79,0.24,0.92,0.94,0.88,31.48,FICA4sick-euthroid,3163,2,4,LMT,8405,3.75E+12
93.17,0.22,0.93,0.96,0.92,31.62,FICA4sick-euthroid,3163,2,4,RandomForest,7917,3.76E+12
90.67,0.3,0.91,0.89,0.72,30.7,FICA4sick-euthroid,3163,2,4,RandomTree,128,3.76E+12
91.81,0.25,0.91,0.92,0.82,31.13,FICA4sick-euthroid,3163,2,4,REPTree,88,3.76E+12
15.96,0.28,0.06,0.14,0.64,5.77,FICA4vowel,990,11,4,DecisionStump,15,3.76E+12
19.29,0.38,0.17,0.15,0.56,6.82,FICA4vowel,990,11,4,LibSVM,2096,3.76E+12
44.14,0.25,0.41,0.49,0.84,15.24,FICA4vowel,990,11,4,MultilayerPerceptron,22218,3.79E+12
19.09,0.27,0.16,0.29,0.75,6.86,FICA4vowel,990,11,4,Logistic,2592,3.79E+12
18.69,0.27,0.15,0.29,0.75,6.72,FICA4vowel,990,11,4,SimpleLogistic,5205,3.79E+12
20.71,0.28,0.17,0.21,0.72,7.38,FICA4vowel,990,11,4,SMO,2347,3.80E+12
87.78,0.15,0.87,0.79,0.93,29.85,FICA4vowel,990,11,4,IBk,56,3.80E+12
84.65,0.15,0.84,0.92,0.99,28.83,FICA4vowel,990,11,4,KStar,9040,3.81E+12
24.14,0.28,0.14,0.33,0.79,8.55,FICA4vowel,990,11,4,LWL,3537,3.81E+12
34.44,0.27,0.3,0.35,0.81,12,FICA4vowel,990,11,4,BayesNet,39,3.81E+12
27.07,0.27,0.24,0.34,0.8,9.53,FICA4vowel,990,11,4,NaiveBayes,23,3.81E+12
27.07,0.27,0.24,0.34,0.8,9.53,FICA4vowel,990,11,4,NaiveBayesUpdateable,20,3.81E+12
15.96,0.28,0.06,0.14,0.64,5.77,FICA4vowel,990,11,4,AdaBoostM1,23,3.81E+12
65.76,0.21,0.65,0.75,0.95,22.5,FICA4vowel,990,11,4,Bagging,452,3.81E+12
9.09,0.29,0.02,0.09,0.5,3.43,FICA4vowel,990,11,4,Stacking,14,3.81E+12
44.04,0.25,0.43,0.49,0.87,15.22,FICA4vowel,990,11,4,LogitBoost,943,3.81E+12
9.09,0.29,0.02,0.09,0.5,3.43,FICA4vowel,990,11,4,Vote,3,3.81E+12
35.56,0.27,0.33,0.36,0.82,12.37,FICA4vowel,990,11,4,DecisionTable,209,3.81E+12
43.74,0.26,0.43,0.4,0.8,15.09,FICA4vowel,990,11,4,JRip,2252,3.81E+12
24.85,0.37,0.23,0.16,0.59,8.69,FICA4vowel,990,11,4,OneR,14,3.81E+12
9.09,0.29,0.02,0.09,0.5,3.43,FICA4vowel,990,11,4,ZeroR,0,3.81E+12
63.13,0.24,0.62,0.56,0.85,21.58,FICA4vowel,990,11,4,PART,857,3.81E+12
73.43,0.18,0.73,0.8,0.95,25.07,FICA4vowel,990,11,4,RandomCommittee,637,3.81E+12
66.97,0.23,0.67,0.59,0.86,22.87,FICA4vowel,990,11,4,J48,180,3.81E+12
71.31,0.21,0.71,0.72,0.93,24.34,FICA4vowel,990,11,4,LMT,17156,3.83E+12
78.48,0.18,0.78,0.85,0.97,26.76,FICA4vowel,990,11,4,RandomForest,4133,3.84E+12
67.27,0.24,0.67,0.51,0.82,22.95,FICA4vowel,990,11,4,RandomTree,63,3.84E+12
52.22,0.24,0.51,0.53,0.87,17.95,FICA4vowel,990,11,4,REPTree,48,3.84E+12
78.18,0.4,0.78,0.74,0.79,26.52,FICA4mushroom,8124,2,4,DecisionStump,144,3.84E+12
52.12,0.69,0.36,0.5,0.5,17.64,FICA4mushroom,8124,2,4,LibSVM,98599,3.94E+12
94.58,0.2,0.95,0.99,0.99,32.12,FICA4mushroom,8124,2,4,MultilayerPerceptron,45150,3.99E+12
89,0.29,0.89,0.91,0.92,30.35,FICA4mushroom,8124,2,4,Logistic,1373,3.98E+12
89.43,0.29,0.89,0.91,0.92,30.35,FICA4mushroom,8124,2,4,SimpleLogistic,11297,3.99E+12
89.21,0.33,0.89,0.85,0.89,30.26,FICA4mushroom,8124,2,4,SMO,4899,4.00E+12
99.68,0.05,1,1,1,33.88,FICA4mushroom,8124,2,4,IBk,3019,4.00E+12
99.02,0.09,0.99,1,1,33.64,FICA4mushroom,8124,2,4,KStar,628009,4.62E+12
93.18,0.26,0.93,0.98,0.98,31.63,FICA4mushroom,8124,2,4,LWL,116373,4.74E+12
91.78,0.24,0.92,0.98,0.98,31.17,FICA4mushroom,8124,2,4,BayesNet,374,4.74E+12
82.74,0.33,0.83,0.92,0.93,28.11,FICA4mushroom,8124,2,4,NaiveBayes,96,4.74E+12
82.74,0.33,0.83,0.92,0.93,28.11,FICA4mushroom,8124,2,4,NaiveBayesUpdateable,95,4.74E+12
93.27,0.23,0.93,0.98,0.98,31.67,FICA4mushroom,8124,2,4,AdaBoostM1,1570,4.74E+12
98.73,0.1,0.99,1,1,33.54,FICA4mushroom,8124,2,4,Bagging,2311,4.74E+12
51.8,0.5,0.35,0.5,0.5,17.6,FICA4mushroom,8124,2,4,Stacking,122,4.74E+12
93.88,0.22,0.94,0.98,0.98,31.88,FICA4mushroom,8124,2,4,LogitBoost,1006,4.74E+12
51.8,0.5,0.35,0.5,0.5,17.6,FICA4mushroom,8124,2,4,Vote,13,4.74E+12
96.58,0.17,0.97,0.99,0.99,32.8,FICA4mushroom,8124,2,4,DecisionTable,1446,4.74E+12
98.09,0.13,0.98,0.98,0.99,33.31,FICA4mushroom,8124,2,4,JRip,9770,4.75E+12
84.97,0.39,0.85,0.8,0.85,28.81,FICA4mushroom,8124,2,4,OneR,89,4.75E+12
51.8,0.5,0.35,0.5,0.5,17.6,FICA4mushroom,8124,2,4,ZeroR,10,4.75E+12
98.29,0.11,0.98,0.99,1,33.39,FICA4mushroom,8124,2,4,PART,1041,4.76E+12
99.27,0.07,0.99,1,1,33.73,FICA4mushroom,8124,2,4,RandomCommittee,2716,4.76E+12
98.68,0.11,0.99,0.99,0.99,33.52,FICA4mushroom,8124,2,4,J48,730,4.76E+12
99.04,0.09,0.99,1,1,33.65,FICA4mushroom,8124,2,4,LMT,36993,4.80E+12
99.38,0.07,0.99,1,1,33.77,FICA4mushroom,8124,2,4,RandomForest,17655,4.81E+12
99,0.1,0.99,0.99,0.99,33.63,FICA4mushroom,8124,2,4,RandomTree,270,4.81E+12
98.33,0.12,0.98,0.99,1,33.4,FICA4mushroom,8124,2,4,REPTree,258,4.81E+12
78.14,0.41,0.78,0.72,0.77,26.5,FICA4spambase,4601,2,4,DecisionStump,50,4.81E+12
60.68,0.63,0.46,0.52,0.5,20.52,FICA4spambase,4601,2,4,LibSVM,20910,4.83E+12
88.72,0.3,0.89,0.94,0.94,30.12,FICA4spambase,4601,2,4,MultilayerPerceptron,25270,4.86E+12
87.7,0.31,0.88,0.93,0.94,29.78,FICA4spambase,4601,2,4,Logistic,693,4.86E+12
87.68,0.31,0.88,0.93,0.94,29.77,FICA4spambase,4601,2,4,SimpleLogistic,6162,4.87E+12
85.18,0.38,0.85,0.79,0.82,28.87,FICA4spambase,4601,2,4,SMO,261,4.87E+12
89.2,0.33,0.89,0.86,0.9,30.26,FICA4spambase,4601,2,4,IBk,1115,4.87E+12
90.83,0.26,0.91,0.97,0.96,30.84,FICA4spambase,4601,2,4,KStar,194955,5.06E+12
78.46,0.41,0.78,0.89,0.89,26.65,FICA4spambase,4601,2,4,LWL,37669,5.10E+12
86.94,0.32,0.87,0.93,0.93,29.52,FICA4spambase,4601,2,4,BayesNet,177,5.10E+12
67.36,0.43,0.67,0.9,0.9,22.94,FICA4spambase,4601,2,4,NaiveBayes,64,5.10E+12
67.36,0.43,0.67,0.9,0.9,22.94,FICA4spambase,4601,2,4,NaiveBayesUpdateable,61,5.10E+12
80.48,0.34,0.8,0.89,0.9,27.35,FICA4spambase,4601,2,4,AdaBoostM1,882,5.10E+12
90.11,0.27,0.9,0.96,0.96,30.6,FICA4spambase,4601,2,4,Bagging,1558,5.10E+12
60.6,0.49,0.46,0.52,0.5,20.54,FICA4spambase,4601,2,4,Stacking,62,5.10E+12
85.76,0.32,0.86,0.92,0.93,29.12,FICA4spambase,4601,2,4,LogitBoost,540,5.10E+12
60.6,0.49,0.46,0.52,0.5,20.54,FICA4spambase,4601,2,4,Vote,7,5.10E+12
86.63,0.31,0.86,0.93,0.93,29.42,FICA4spambase,4601,2,4,DecisionTable,737,5.10E+12
88.39,0.32,0.88,0.87,0.89,29.99,FICA4spambase,4601,2,4,JRip,4958,5.11E+12
77.03,0.48,0.77,0.71,0.75,26.1,FICA4spambase,4601,2,4,OneR,52,5.11E+12
60.6,0.49,0.46,0.52,0.5,20.54,FICA4spambase,4601,2,4,ZeroR,5,5.11E+12
88.02,0.3,0.88,0.92,0.94,29.89,FICA4spambase,4601,2,4,PART,727,5.11E+12
89.74,0.28,0.9,0.93,0.95,30.47,FICA4spambase,4601,2,4,RandomCommittee,2224,5.11E+12
89.05,0.3,0.89,0.91,0.93,30.22,FICA4spambase,4601,2,4,J48,423,5.11E+12
89.26,0.29,0.89,0.94,0.95,30.31,FICA4spambase,4601,2,4,LMT,22468,5.13E+12
91.55,0.26,0.92,0.96,0.97,31.09,FICA4spambase,4601,2,4,RandomForest,14045,5.15E+12
87.76,0.35,0.88,0.83,0.87,29.76,FICA4spambase,4601,2,4,RandomTree,221,5.15E+12
88.7,0.3,0.89,0.91,0.92,30.11,FICA4spambase,4601,2,4,REPTree,168,5.15E+12
28.57,0.33,0.13,0.26,0.75,10,FICA4segment,2310,7,4,DecisionStump,31,5.15E+12
55.37,0.36,0.51,0.46,0.74,18.92,FICA4segment,2310,7,4,LibSVM,10072,5.16E+12
81.21,0.2,0.81,0.82,0.96,27.66,FICA4segment,2310,7,4,MultilayerPerceptron,32272,5.19E+12
78.83,0.21,0.79,0.81,0.96,26.86,FICA4segment,2310,7,4,Logistic,4565,5.19E+12
78.79,0.21,0.79,0.81,0.96,26.85,FICA4segment,2310,7,4,SimpleLogistic,12251,5.21E+12
78.4,0.31,0.78,0.72,0.94,26.68,FICA4segment,2310,7,4,SMO,1153,5.21E+12
90.74,0.16,0.91,0.85,0.95,30.84,FICA4segment,2310,7,4,IBk,281,5.21E+12
88.66,0.16,0.88,0.94,0.99,30.16,FICA4segment,2310,7,4,KStar,50830,5.26E+12
58.96,0.27,0.48,0.74,0.94,20.21,FICA4segment,2310,7,4,LWL,13585,5.27E+12
81.99,0.2,0.82,0.85,0.97,27.92,FICA4segment,2310,7,4,BayesNet,81,5.27E+12
76.58,0.21,0.76,0.81,0.96,26.11,FICA4segment,2310,7,4,NaiveBayes,39,5.27E+12
76.58,0.21,0.76,0.81,0.96,26.11,FICA4segment,2310,7,4,NaiveBayesUpdateable,40,5.27E+12
28.57,0.33,0.13,0.26,0.75,10,FICA4segment,2310,7,4,AdaBoostM1,46,5.27E+12
87.27,0.16,0.87,0.93,0.98,29.7,FICA4segment,2310,7,4,Bagging,703,5.27E+12
14.29,0.35,0.04,0.14,0.5,5.15,FICA4segment,2310,7,4,Stacking,30,5.27E+12
85.11,0.18,0.85,0.88,0.97,28.97,FICA4segment,2310,7,4,LogitBoost,1486,5.27E+12
14.29,0.35,0.04,0.14,0.5,5.15,FICA4segment,2310,7,4,Vote,4,5.27E+12
79.31,0.22,0.79,0.82,0.96,27.02,FICA4segment,2310,7,4,DecisionTable,455,5.27E+12
83.77,0.19,0.84,0.8,0.95,28.51,FICA4segment,2310,7,4,JRip,2479,5.28E+12
63.64,0.32,0.63,0.48,0.79,21.7,FICA4segment,2310,7,4,OneR,29,5.28E+12
14.29,0.35,0.04,0.14,0.5,5.15,FICA4segment,2310,7,4,ZeroR,0,5.28E+12
85.8,0.18,0.86,0.85,0.96,29.19,FICA4segment,2310,7,4,PART,723,5.28E+12
89.09,0.15,0.89,0.92,0.97,30.3,FICA4segment,2310,7,4,RandomCommittee,993,5.28E+12
87.23,0.18,0.87,0.85,0.95,29.67,FICA4segment,2310,7,4,J48,290,5.28E+12
86.93,0.17,0.87,0.89,0.97,29.58,FICA4segment,2310,7,4,LMT,62161,5.34E+12
90.69,0.14,0.91,0.95,0.99,30.85,FICA4segment,2310,7,4,RandomForest,6589,5.35E+12
86.54,0.2,0.86,0.78,0.92,29.42,FICA4segment,2310,7,4,RandomTree,110,5.35E+12
84.59,0.19,0.84,0.84,0.96,28.79,FICA4segment,2310,7,4,REPTree,113,5.35E+12
93.88,0.22,0.91,0.93,0.78,31.81,FICA4sick,3772,2,4,DecisionStump,43,5.36E+12
93.88,0.25,0.91,0.89,0.5,31.71,FICA4sick,3772,2,4,LibSVM,2508,5.36E+12
94.94,0.2,0.94,0.97,0.91,32.22,FICA4sick,3772,2,4,MultilayerPerceptron,21136,5.38E+12
94.59,0.2,0.93,0.96,0.91,32.1,FICA4sick,3772,2,4,Logistic,571,5.38E+12
94.54,0.2,0.93,0.96,0.91,32.08,FICA4sick,3772,2,4,SimpleLogistic,4678,5.38E+12
93.88,0.25,0.91,0.89,0.5,31.71,FICA4sick,3772,2,4,SMO,194,5.38E+12
93.77,0.25,0.94,0.92,0.72,31.75,FICA4sick,3772,2,4,IBk,764,5.39E+12
94.25,0.2,0.93,0.97,0.94,31.99,FICA4sick,3772,2,4,KStar,137982,5.52E+12
93.88,0.21,0.91,0.96,0.9,31.85,FICA4sick,3772,2,4,LWL,25340,5.55E+12
92.21,0.24,0.93,0.95,0.87,31.28,FICA4sick,3772,2,4,BayesNet,96,5.55E+12
89.95,0.26,0.91,0.96,0.87,30.52,FICA4sick,3772,2,4,NaiveBayes,43,5.55E+12
89.95,0.26,0.91,0.96,0.87,30.52,FICA4sick,3772,2,4,NaiveBayesUpdateable,41,5.55E+12
93.8,0.21,0.92,0.95,0.9,31.83,FICA4sick,3772,2,4,AdaBoostM1,736,5.55E+12
94.64,0.2,0.94,0.96,0.92,32.12,FICA4sick,3772,2,4,Bagging,947,5.55E+12
93.88,0.24,0.91,0.89,0.5,31.71,FICA4sick,3772,2,4,Stacking,74,5.55E+12
94.43,0.2,0.94,0.96,0.9,32.04,FICA4sick,3772,2,4,LogitBoost,443,5.54E+12
93.88,0.24,0.91,0.89,0.5,31.71,FICA4sick,3772,2,4,Vote,6,5.54E+12
94.27,0.21,0.93,0.95,0.88,31.98,FICA4sick,3772,2,4,DecisionTable,424,5.54E+12
94.54,0.22,0.94,0.92,0.68,32,FICA4sick,3772,2,4,JRip,1057,5.54E+12
94.27,0.24,0.93,0.91,0.63,31.89,FICA4sick,3772,2,4,OneR,42,5.54E+12
93.88,0.24,0.91,0.89,0.5,31.71,FICA4sick,3772,2,4,ZeroR,4,5.54E+12
94.43,0.21,0.94,0.94,0.84,32.02,FICA4sick,3772,2,4,PART,271,5.54E+12
94.35,0.22,0.94,0.94,0.83,31.99,FICA4sick,3772,2,4,RandomCommittee,1475,5.54E+12
94.59,0.21,0.94,0.94,0.78,32.05,FICA4sick,3772,2,4,J48,195,5.54E+12
94.86,0.2,0.94,0.96,0.9,32.19,FICA4sick,3772,2,4,LMT,11014,5.56E+12
94.94,0.2,0.94,0.97,0.92,32.22,FICA4sick,3772,2,4,RandomForest,8918,5.56E+12
93,0.26,0.93,0.92,0.69,31.47,FICA4sick,3772,2,4,RandomTree,150,5.56E+12
94.46,0.21,0.94,0.94,0.79,32.01,FICA4sick,3772,2,4,REPTree,109,5.56E+12
33.33,0.34,0.18,0.33,0.76,11.59,FICA4synthetic-control,600,6,4,DecisionStump,7,5.56E+12
82.67,0.24,0.83,0.74,0.9,28.11,FICA4synthetic-control,600,6,4,LibSVM,739,5.57E+12
94.67,0.11,0.95,0.99,1,32.18,FICA4synthetic-control,600,6,4,MultilayerPerceptron,7554,5.57E+12
94.5,0.12,0.94,0.99,1,32.13,FICA4synthetic-control,600,6,4,Logistic,1255,5.57E+12
94.17,0.12,0.94,0.99,1,32.01,FICA4synthetic-control,600,6,4,SimpleLogistic,1925,5.58E+12
92.67,0.31,0.93,0.9,0.98,31.44,FICA4synthetic-control,600,6,4,SMO,687,5.58E+12
93.5,0.14,0.93,0.89,0.96,31.77,FICA4synthetic-control,600,6,4,IBk,23,5.58E+12
91.33,0.14,0.91,0.99,1,31.06,FICA4synthetic-control,600,6,4,KStar,3133,5.58E+12
83.67,0.28,0.82,0.94,0.98,28.46,FICA4synthetic-control,600,6,4,LWL,866,5.58E+12
91.17,0.14,0.91,0.97,0.99,31.01,FICA4synthetic-control,600,6,4,BayesNet,20,5.58E+12
93.33,0.12,0.93,0.99,1,31.74,FICA4synthetic-control,600,6,4,NaiveBayes,11,5.58E+12
93.33,0.12,0.93,0.99,1,31.74,FICA4synthetic-control,600,6,4,NaiveBayesUpdateable,10,5.58E+12
33.33,0.34,0.18,0.33,0.76,11.59,FICA4synthetic-control,600,6,4,AdaBoostM1,13,5.58E+12
93.33,0.13,0.93,0.98,0.99,31.73,FICA4synthetic-control,600,6,4,Bagging,120,5.58E+12
16.67,0.37,0.05,0.17,0.5,5.93,FICA4synthetic-control,600,6,4,Stacking,10,5.58E+12
93.83,0.12,0.94,0.98,0.99,31.9,FICA4synthetic-control,600,6,4,LogitBoost,401,5.58E+12
16.67,0.37,0.05,0.17,0.5,5.93,FICA4synthetic-control,600,6,4,Vote,2,5.58E+12
86.33,0.2,0.86,0.88,0.97,29.37,FICA4synthetic-control,600,6,4,DecisionTable,91,5.58E+12
91.33,0.16,0.91,0.9,0.98,31.05,FICA4synthetic-control,600,6,4,JRip,234,5.58E+12
56.33,0.38,0.55,0.42,0.74,19.23,FICA4synthetic-control,600,6,4,OneR,7,5.58E+12
16.67,0.37,0.05,0.17,0.5,5.93,FICA4synthetic-control,600,6,4,ZeroR,1,5.58E+12
91.67,0.15,0.92,0.91,0.97,31.16,FICA4synthetic-control,600,6,4,PART,61,5.58E+12
93,0.13,0.93,0.96,0.99,31.62,FICA4synthetic-control,600,6,4,RandomCommittee,160,5.58E+12
91.5,0.15,0.91,0.93,0.98,31.11,FICA4synthetic-control,600,6,4,J48,31,5.58E+12
94.17,0.12,0.94,0.99,1,32.01,FICA4synthetic-control,600,6,4,LMT,4781,5.59E+12
94.33,0.12,0.94,0.99,1,32.07,FICA4synthetic-control,600,6,4,RandomForest,1055,5.59E+12
92.17,0.16,0.92,0.87,0.95,31.32,FICA4synthetic-control,600,6,4,RandomTree,16,5.59E+12
90.5,0.16,0.9,0.89,0.97,30.77,FICA4synthetic-control,600,6,4,REPTree,13,5.59E+12
65.34,0.48,0.52,0.56,0.53,22.13,FICA4tic-tac-toe,958,2,4,DecisionStump,10,5.59E+12
65.34,0.59,0.52,0.55,0.5,22.09,FICA4tic-tac-toe,958,2,4,LibSVM,982,5.59E+12
75.37,0.4,0.74,0.81,0.8,25.59,FICA4tic-tac-toe,958,2,4,MultilayerPerceptron,5326,5.59E+12
62.52,0.46,0.55,0.66,0.66,21.24,FICA4tic-tac-toe,958,2,4,Logistic,103,5.59E+12
65.24,0.49,0.52,0.58,0.52,22.09,FICA4tic-tac-toe,958,2,4,SimpleLogistic,1047,5.59E+12
65.34,0.59,0.52,0.55,0.5,22.09,FICA4tic-tac-toe,958,2,4,SMO,98,5.59E+12
89.25,0.33,0.89,0.85,0.85,30.26,FICA4tic-tac-toe,958,2,4,IBk,59,5.59E+12
89.67,0.28,0.89,0.96,0.96,30.45,FICA4tic-tac-toe,958,2,4,KStar,8479,5.60E+12
64.31,0.46,0.57,0.71,0.71,21.85,FICA4tic-tac-toe,958,2,4,LWL,1475,5.60E+12
72.54,0.43,0.71,0.76,0.75,24.62,FICA4tic-tac-toe,958,2,4,BayesNet,25,5.60E+12
62.31,0.46,0.55,0.66,0.65,21.17,FICA4tic-tac-toe,958,2,4,NaiveBayes,5,5.60E+12
62.31,0.46,0.55,0.66,0.65,21.17,FICA4tic-tac-toe,958,2,4,NaiveBayesUpdateable,10,5.60E+12
70.56,0.45,0.68,0.69,0.7,23.94,FICA4tic-tac-toe,958,2,4,AdaBoostM1,177,5.60E+12
84.45,0.34,0.84,0.93,0.93,28.68,FICA4tic-tac-toe,958,2,4,Bagging,259,5.61E+12
65.34,0.48,0.52,0.55,0.5,22.12,FICA4tic-tac-toe,958,2,4,Stacking,12,5.61E+12
70.46,0.45,0.66,0.72,0.7,23.91,FICA4tic-tac-toe,958,2,4,LogitBoost,123,5.61E+12
65.34,0.48,0.52,0.55,0.5,22.12,FICA4tic-tac-toe,958,2,4,Vote,2,5.61E+12
71.2,0.44,0.7,0.73,0.72,24.16,FICA4tic-tac-toe,958,2,4,DecisionTable,126,5.61E+12
75.15,0.43,0.74,0.71,0.72,25.48,FICA4tic-tac-toe,958,2,4,JRip,557,5.61E+12
66.49,0.58,0.65,0.6,0.6,22.5,FICA4tic-tac-toe,958,2,4,OneR,10,5.61E+12
65.34,0.48,0.52,0.55,0.5,22.12,FICA4tic-tac-toe,958,2,4,ZeroR,2,5.61E+12
70.45,0.44,0.7,0.72,0.73,23.92,FICA4tic-tac-toe,958,2,4,PART,79,5.61E+12
87.16,0.31,0.87,0.92,0.93,29.6,FICA4tic-tac-toe,958,2,4,RandomCommittee,371,5.61E+12
74.12,0.44,0.74,0.72,0.74,25.14,FICA4tic-tac-toe,958,2,4,J48,54,5.61E+12
75.05,0.43,0.75,0.77,0.77,25.46,FICA4tic-tac-toe,958,2,4,LMT,18319,5.62E+12
89.67,0.28,0.89,0.97,0.97,30.45,FICA4tic-tac-toe,958,2,4,RandomForest,2366,5.63E+12
82.46,0.42,0.83,0.78,0.81,27.95,FICA4tic-tac-toe,958,2,4,RandomTree,38,5.63E+12
77.87,0.41,0.78,0.81,0.81,26.43,FICA4tic-tac-toe,958,2,4,REPTree,28,5.63E+12
70,0.39,0.59,0.58,0.47,23.69,FICA4post-operation,90,3,4,DecisionStump,1,5.64E+12
71.11,0.44,0.59,0.59,0.5,24.06,FICA4post-operation,90,3,4,LibSVM,30,5.64E+12
64.44,0.41,0.56,0.69,0.53,21.86,FICA4post-operation,90,3,4,MultilayerPerceptron,602,5.64E+12
68.89,0.38,0.61,0.74,0.6,23.37,FICA4post-operation,90,3,4,Logistic,17,5.64E+12
70,0.47,0.59,0.59,0.47,23.67,FICA4post-operation,90,3,4,SimpleLogistic,146,5.64E+12
71.11,0.38,0.59,0.59,0.5,24.08,FICA4post-operation,90,3,4,SMO,104,5.64E+12
65.56,0.47,0.6,0.64,0.51,22.2,FICA4post-operation,90,3,4,IBk,1,5.64E+12
58.89,0.44,0.55,0.74,0.61,20.02,FICA4post-operation,90,3,4,KStar,52,5.64E+12
70,0.4,0.59,0.66,0.48,23.69,FICA4post-operation,90,3,4,LWL,14,5.64E+12
71.11,0.38,0.59,0.59,0.5,24.08,FICA4post-operation,90,3,4,BayesNet,3,5.64E+12
70,0.39,0.61,0.7,0.54,23.71,FICA4post-operation,90,3,4,NaiveBayes,2,5.64E+12
70,0.39,0.61,0.7,0.54,23.71,FICA4post-operation,90,3,4,NaiveBayesUpdateable,1,5.64E+12
65.56,0.4,0.56,0.62,0.49,22.21,FICA4post-operation,90,3,4,AdaBoostM1,17,5.64E+12
62.22,0.4,0.54,0.62,0.44,21.09,FICA4post-operation,90,3,4,Bagging,22,5.64E+12
71.11,0.38,0.59,0.59,0.5,24.08,FICA4post-operation,90,3,4,Stacking,3,5.64E+12
58.89,0.43,0.55,0.65,0.45,19.97,FICA4post-operation,90,3,4,LogitBoost,115,5.64E+12
71.11,0.38,0.59,0.59,0.5,24.08,FICA4post-operation,90,3,4,Vote,0,5.64E+12
71.11,0.38,0.59,0.59,0.5,24.08,FICA4post-operation,90,3,4,DecisionTable,15,5.64E+12
70,0.38,0.59,0.58,0.49,23.7,FICA4post-operation,90,3,4,JRip,14,5.64E+12
64.44,0.48,0.55,0.59,0.49,21.82,FICA4post-operation,90,3,4,OneR,1,5.64E+12
71.11,0.38,0.59,0.59,0.5,24.08,FICA4post-operation,90,3,4,ZeroR,0,5.64E+12
71.11,0.38,0.59,0.59,0.5,24.08,FICA4post-operation,90,3,4,PART,1,5.64E+12
55.56,0.49,0.51,0.63,0.47,18.85,FICA4post-operation,90,3,4,RandomCommittee,37,5.64E+12
71.11,0.38,0.59,0.59,0.5,24.08,FICA4post-operation,90,3,4,J48,1,5.64E+12
70,0.47,0.59,0.59,0.47,23.67,FICA4post-operation,90,3,4,LMT,1186,5.63E+12
64.44,0.41,0.58,0.7,0.56,21.86,FICA4post-operation,90,3,4,RandomForest,207,5.63E+12
61.11,0.5,0.57,0.63,0.53,20.71,FICA4post-operation,90,3,4,RandomTree,3,5.63E+12
71.11,0.38,0.59,0.59,0.5,24.08,FICA4post-operation,90,3,4,REPTree,2,5.63E+12
46,0.4,0.39,0.39,0.6,15.73,FICA4SWD,1000,4,4,DecisionStump,8,5.63E+12
39.9,0.55,0.23,0.33,0.5,13.62,FICA4SWD,1000,4,4,LibSVM,1419,5.63E+12
58.5,0.37,0.56,0.59,0.75,19.96,FICA4SWD,1000,4,4,MultilayerPerceptron,9002,5.64E+12
56.7,0.37,0.55,0.6,0.76,19.36,FICA4SWD,1000,4,4,Logistic,428,5.64E+12
57.2,0.37,0.56,0.6,0.76,19.53,FICA4SWD,1000,4,4,SimpleLogistic,2165,5.64E+12
58,0.38,0.56,0.51,0.72,19.78,FICA4SWD,1000,4,4,SMO,380,5.64E+12
55.9,0.38,0.56,0.58,0.73,19.08,FICA4SWD,1000,4,4,IBk,56,5.64E+12
57.5,0.38,0.57,0.59,0.74,19.62,FICA4SWD,1000,4,4,KStar,5509,5.65E+12
45.6,0.39,0.4,0.53,0.69,15.63,FICA4SWD,1000,4,4,LWL,984,5.65E+12
52,0.38,0.5,0.53,0.7,17.77,FICA4SWD,1000,4,4,BayesNet,20,5.65E+12
56,0.37,0.55,0.6,0.75,19.13,FICA4SWD,1000,4,4,NaiveBayes,10,5.65E+12
56,0.37,0.55,0.6,0.75,19.13,FICA4SWD,1000,4,4,NaiveBayesUpdateable,11,5.65E+12
46,0.4,0.39,0.39,0.6,15.73,FICA4SWD,1000,4,4,AdaBoostM1,15,5.65E+12
57,0.37,0.56,0.6,0.75,19.46,FICA4SWD,1000,4,4,Bagging,294,5.65E+12
39.9,0.41,0.23,0.33,0.5,13.66,FICA4SWD,1000,4,4,Stacking,14,5.65E+12
57.1,0.37,0.56,0.6,0.75,19.49,FICA4SWD,1000,4,4,LogitBoost,357,5.65E+12
39.9,0.41,0.23,0.33,0.5,13.66,FICA4SWD,1000,4,4,Vote,2,5.65E+12
52.3,0.38,0.51,0.53,0.71,17.87,FICA4SWD,1000,4,4,DecisionTable,129,5.65E+12
55.5,0.38,0.54,0.49,0.7,18.94,FICA4SWD,1000,4,4,JRip,419,5.65E+12
53.5,0.48,0.53,0.44,0.64,18.22,FICA4SWD,1000,4,4,OneR,8,5.65E+12
39.9,0.41,0.23,0.33,0.5,13.66,FICA4SWD,1000,4,4,ZeroR,0,5.65E+12
54.7,0.38,0.54,0.54,0.72,18.68,FICA4SWD,1000,4,4,PART,127,5.65E+12
55.9,0.38,0.56,0.57,0.73,19.08,FICA4SWD,1000,4,4,RandomCommittee,313,5.65E+12
53.8,0.38,0.53,0.53,0.71,18.38,FICA4SWD,1000,4,4,J48,58,5.65E+12
57.2,0.37,0.56,0.6,0.76,19.53,FICA4SWD,1000,4,4,LMT,5371,5.66E+12
56.2,0.38,0.56,0.58,0.73,19.18,FICA4SWD,1000,4,4,RandomForest,2438,5.66E+12
55.9,0.38,0.56,0.57,0.73,19.08,FICA4SWD,1000,4,4,RandomTree,30,5.66E+12
54.7,0.38,0.54,0.54,0.71,18.68,FICA4SWD,1000,4,4,REPTree,36,5.66E+12
68.99,0.39,0.61,0.59,0.77,23.46,FICA4SensorDiscrimination,2212,3,4,DecisionStump,24,5.66E+12
42.81,0.62,0.26,0.36,0.5,14.56,FICA4SensorDiscrimination,2212,3,4,LibSVM,6155,5.66E+12
97.11,0.13,0.97,0.99,0.99,32.99,FICA4SensorDiscrimination,2212,3,4,MultilayerPerceptron,14810,5.68E+12
95.25,0.16,0.95,0.99,0.99,32.36,FICA4SensorDiscrimination,2212,3,4,Logistic,817,5.68E+12
94.71,0.16,0.95,0.99,0.99,32.18,FICA4SensorDiscrimination,2212,3,4,SimpleLogistic,6879,5.69E+12
93.22,0.3,0.93,0.9,0.96,31.63,FICA4SensorDiscrimination,2212,3,4,SMO,364,5.69E+12
98.1,0.11,0.98,0.97,0.99,33.33,FICA4SensorDiscrimination,2212,3,4,IBk,258,5.69E+12
97.56,0.11,0.98,1,1,33.15,FICA4SensorDiscrimination,2212,3,4,KStar,48008,5.74E+12
84.36,0.29,0.83,0.92,0.95,28.67,FICA4SensorDiscrimination,2212,3,4,LWL,9413,5.74E+12
92.13,0.2,0.92,0.98,0.99,31.31,FICA4SensorDiscrimination,2212,3,4,BayesNet,71,5.74E+12
92.41,0.2,0.92,0.98,0.99,31.4,FICA4SensorDiscrimination,2212,3,4,NaiveBayes,24,5.74E+12
92.41,0.2,0.92,0.98,0.99,31.4,FICA4SensorDiscrimination,2212,3,4,NaiveBayesUpdateable,23,5.74E+12
77.62,0.34,0.76,0.84,0.93,26.4,FICA4SensorDiscrimination,2212,3,4,AdaBoostM1,381,5.75E+12
97.24,0.13,0.97,0.99,0.99,33.04,FICA4SensorDiscrimination,2212,3,4,Bagging,504,5.75E+12
42.81,0.46,0.26,0.36,0.5,14.62,FICA4SensorDiscrimination,2212,3,4,Stacking,25,5.75E+12
95.57,0.16,0.96,0.98,0.99,32.47,FICA4SensorDiscrimination,2212,3,4,LogitBoost,620,5.75E+12
42.81,0.46,0.26,0.36,0.5,14.62,FICA4SensorDiscrimination,2212,3,4,Vote,3,5.75E+12
93.26,0.2,0.93,0.97,0.99,31.68,FICA4SensorDiscrimination,2212,3,4,DecisionTable,353,5.75E+12
96.97,0.14,0.97,0.96,0.98,32.94,FICA4SensorDiscrimination,2212,3,4,JRip,1066,5.75E+12
73.74,0.42,0.73,0.64,0.8,25.04,FICA4SensorDiscrimination,2212,3,4,OneR,26,5.75E+12
42.81,0.46,0.26,0.36,0.5,14.62,FICA4SensorDiscrimination,2212,3,4,ZeroR,4,5.75E+12
96.88,0.14,0.97,0.97,0.98,32.91,FICA4SensorDiscrimination,2212,3,4,PART,235,5.75E+12
97.56,0.12,0.98,0.98,0.99,33.15,FICA4SensorDiscrimination,2212,3,4,RandomCommittee,696,5.75E+12
96.66,0.15,0.97,0.96,0.98,32.83,FICA4SensorDiscrimination,2212,3,4,J48,155,5.75E+12
96.97,0.13,0.97,0.98,0.99,32.94,FICA4SensorDiscrimination,2212,3,4,LMT,33195,5.78E+12
97.79,0.11,0.98,0.99,1,33.22,FICA4SensorDiscrimination,2212,3,4,RandomForest,4479,5.79E+12
96.34,0.16,0.96,0.94,0.97,32.72,FICA4SensorDiscrimination,2212,3,4,RandomTree,72,5.79E+12
96.02,0.15,0.96,0.96,0.98,32.62,FICA4SensorDiscrimination,2212,3,4,REPTree,57,5.79E+12
82.99,0.35,0.83,0.8,0.85,28.16,FICA4vote,435,2,4,DecisionStump,4,5.79E+12
61.38,0.62,0.47,0.53,0.5,20.75,FICA4vote,435,2,4,LibSVM,255,5.79E+12
91.51,0.25,0.91,0.98,0.98,31.08,FICA4vote,435,2,4,MultilayerPerceptron,2391,5.79E+12
93.57,0.21,0.94,0.98,0.98,31.78,FICA4vote,435,2,4,Logistic,69,5.79E+12
93.56,0.22,0.94,0.98,0.98,31.77,FICA4vote,435,2,4,SimpleLogistic,517,5.79E+12
93.56,0.25,0.94,0.91,0.93,31.75,FICA4vote,435,2,4,SMO,53,5.79E+12
88.99,0.33,0.89,0.89,0.92,30.19,FICA4vote,435,2,4,IBk,14,5.79E+12
90.14,0.27,0.9,0.97,0.97,30.61,FICA4vote,435,2,4,KStar,1489,5.79E+12
86.44,0.31,0.87,0.93,0.94,29.35,FICA4vote,435,2,4,LWL,296,5.79E+12
91.49,0.28,0.91,0.95,0.95,31.06,FICA4vote,435,2,4,BayesNet,11,5.79E+12
90.57,0.25,0.9,0.98,0.98,30.76,FICA4vote,435,2,4,NaiveBayes,5,5.79E+12
90.57,0.25,0.9,0.98,0.98,30.76,FICA4vote,435,2,4,NaiveBayesUpdateable,5,5.79E+12
90.12,0.26,0.9,0.96,0.96,30.61,FICA4vote,435,2,4,AdaBoostM1,74,5.79E+12
91.5,0.25,0.91,0.97,0.97,31.07,FICA4vote,435,2,4,Bagging,68,5.79E+12
61.38,0.49,0.47,0.53,0.5,20.8,FICA4vote,435,2,4,Stacking,7,5.79E+12
91.49,0.25,0.91,0.97,0.97,31.07,FICA4vote,435,2,4,LogitBoost,95,5.79E+12
61.38,0.49,0.47,0.53,0.5,20.8,FICA4vote,435,2,4,Vote,2,5.79E+12
91.95,0.26,0.92,0.94,0.95,31.21,FICA4vote,435,2,4,DecisionTable,52,5.79E+12
89.91,0.29,0.9,0.9,0.91,30.51,FICA4vote,435,2,4,JRip,84,5.79E+12
82.07,0.42,0.82,0.77,0.82,27.82,FICA4vote,435,2,4,OneR,3,5.79E+12
61.38,0.49,0.47,0.53,0.5,20.8,FICA4vote,435,2,4,ZeroR,1,5.79E+12
90.6,0.27,0.91,0.91,0.93,30.75,FICA4vote,435,2,4,PART,22,5.79E+12
90.36,0.27,0.9,0.93,0.95,30.68,FICA4vote,435,2,4,RandomCommittee,94,5.79E+12
91.04,0.28,0.91,0.91,0.92,30.9,FICA4vote,435,2,4,J48,15,5.79E+12
93.56,0.22,0.94,0.98,0.98,31.77,FICA4vote,435,2,4,LMT,953,5.79E+12
91.51,0.24,0.91,0.98,0.97,31.08,FICA4vote,435,2,4,RandomForest,582,5.79E+12
89.66,0.31,0.9,0.86,0.89,30.41,FICA4vote,435,2,4,RandomTree,8,5.79E+12
91.04,0.27,0.91,0.92,0.94,30.9,FICA4vote,435,2,4,REPTree,6,5.79E+12
72.78,0.41,0.61,0.71,0.69,24.69,FICA4spect-full,349,2,4,DecisionStump,3,5.80E+12
72.78,0.52,0.61,0.6,0.5,24.59,FICA4spect-full,349,2,4,LibSVM,146,5.80E+12
77.92,0.37,0.78,0.87,0.85,26.47,FICA4spect-full,349,2,4,MultilayerPerceptron,1996,5.80E+12
79.09,0.37,0.78,0.87,0.85,26.86,FICA4spect-full,349,2,4,Logistic,39,5.80E+12
77.66,0.37,0.76,0.87,0.85,26.38,FICA4spect-full,349,2,4,SimpleLogistic,483,5.80E+12
72.78,0.52,0.61,0.6,0.5,24.59,FICA4spect-full,349,2,4,SMO,51,5.80E+12
90.26,0.29,0.9,0.88,0.87,30.62,FICA4spect-full,349,2,48,5.80E+12,,
88,0.28,0.88,0.97,0.96,29.89,FICA4spect-full,349,2,4,KStar,965,5.80E+12
72.78,0.41,0.61,0.88,0.85,24.74,FICA4spect-full,349,2,4,LWL,177,5.80E+12
71.34,0.38,0.7,0.81,0.82,24.26,FICA4spect-full,349,2,4,BayesNet,8,5.80E+12
71.63,0.43,0.73,0.86,0.82,24.34,FICA4spect-full,349,2,4,NaiveBayes,4,5.80E+12
71.63,0.43,0.73,0.86,0.82,24.34,FICA4spect-full,349,2,4,NaiveBayesUpdateable,4,5.80E+12
72.5,0.39,0.62,0.79,0.8,24.64,FICA4spect-full,349,2,4,AdaBoostM1,61,5.80E+12
82.55,0.33,0.83,0.92,0.9,28.04,FICA4spect-full,349,2,4,Bagging,86,5.80E+12
72.78,0.45,0.61,0.6,0.5,24.61,FICA4spect-full,349,2,4,Stacking,6,5.80E+12
78.23,0.36,0.77,0.87,0.86,26.58,FICA4spect-full,349,2,4,LogitBoost,81,5.80E+12
72.78,0.45,0.61,0.6,0.5,24.61,FICA4spect-full,349,2,4,Vote,1,5.80E+12
72.78,0.45,0.61,0.6,0.5,24.61,FICA4spect-full,349,2,4,DecisionTable,45,5.80E+12
80.24,0.38,0.8,0.77,0.75,27.2,FICA4spect-full,349,2,4,JRip,98,5.80E+12
73.66,0.51,0.72,0.68,0.63,24.93,FICA4spect-full,349,2,4,OneR,4,5.80E+12
72.78,0.45,0.61,0.6,0.5,24.61,FICA4spect-full,349,2,4,ZeroR,1,5.80E+12
71.94,0.39,0.72,0.76,0.76,24.44,FICA4spect-full,349,2,4,PART,14,5.80E+12
88.82,0.29,0.89,0.93,0.92,30.15,FICA4spect-full,349,2,4,RandomCommittee,101,5.80E+12
71.37,0.4,0.71,0.76,0.75,24.24,FICA4spect-full,349,2,4,J48,8,5.80E+12
77.36,0.38,0.76,0.86,0.84,26.27,FICA4spect-full,349,2,4,LMT,922,5.80E+12
89.12,0.28,0.89,0.96,0.95,30.26,FICA4spect-full,349,2,4,RandomForest,678,5.80E+12
89.66,0.3,0.9,0.87,0.88,30.42,FICA4spect-full,349,2,4,RandomTree,10,5.80E+12
78.24,0.39,0.78,0.81,0.79,26.54,FICA4spect-full,349,2,4,REPTree,8,5.80E+12
62.94,0.48,0.52,0.54,0.51,21.32,FICA4monk-problems-2,510,2,4,DecisionStump,3,5.80E+12
63.73,0.6,0.5,0.54,0.5,21.54,FICA4monk-problems-2,510,2,4,LibSVM,314,5.80E+12
62.55,0.49,0.49,0.57,0.49,21.18,FICA4monk-problems-2,510,2,4,MultilayerPerceptron,2851,5.80E+12
63.73,0.48,0.5,0.57,0.5,21.58,FICA4monk-problems-2,510,2,4,Logistic,45,5.80E+12
63.73,0.5,0.5,0.54,0.5,21.58,FICA4monk-problems-2,510,2,4,SimpleLogistic,588,5.80E+12
63.73,0.6,0.5,0.54,0.5,21.54,FICA4monk-problems-2,510,2,4,SMO,53,5.80E+12
65.88,0.58,0.66,0.61,0.59,22.3,FICA4monk-problems-2,510,2,4,IBk,15,5.80E+12
61.96,0.52,0.61,0.59,0.57,21,FICA4monk-problems-2,510,2,4,KStar,2172,5.81E+12
64.71,0.48,0.55,0.58,0.5,21.91,FICA4monk-problems-2,510,2,4,LWL,373,5.81E+12
63.73,0.48,0.5,0.54,0.5,21.58,FICA4monk-problems-2,510,2,4,BayesNet,10,5.81E+12
63.73,0.48,0.5,0.57,0.49,21.58,FICA4monk-problems-2,510,2,4,NaiveBayes,7,5.81E+12
63.73,0.48,0.5,0.57,0.49,21.58,FICA4monk-problems-2,510,2,4,NaiveBayesUpdateable,4,5.81E+12
62.75,0.49,0.51,0.55,0.51,21.26,FICA4monk-problems-2,510,2,4,AdaBoostM1,85,5.81E+12
62.75,0.48,0.59,0.65,0.6,21.29,FICA4monk-problems-2,510,2,4,Bagging,173,5.81E+12
63.73,0.48,0.5,0.54,0.5,21.58,FICA4monk-problems-2,510,2,4,Stacking,7,5.81E+12
63.33,0.49,0.55,0.58,0.53,21.46,FICA4monk-problems-2,510,2,4,LogitBoost,96,5.81E+12
63.73,0.48,0.5,0.54,0.5,21.58,FICA4monk-problems-2,510,2,4,Vote,2,5.81E+12
63.73,0.48,0.5,0.54,0.5,21.58,FICA4monk-problems-2,510,2,4,DecisionTable,96,5.81E+12
62.55,0.48,0.5,0.54,0.5,21.19,FICA4monk-problems-2,510,2,4,JRip,117,5.81E+12
67.45,0.57,0.66,0.61,0.62,22.83,FICA4monk-problems-2,510,2,4,OneR,6,5.81E+12
63.73,0.48,0.5,0.54,0.5,21.58,FICA4monk-problems-2,510,2,4,ZeroR,1,5.81E+12
63.73,0.48,0.5,0.54,0.5,21.58,FICA4monk-problems-2,510,2,4,PART,5,5.81E+12
71.76,0.46,0.71,0.79,0.79,24.37,FICA4monk-problems-2,510,2,4,RandomCommittee,339,5.81E+12
63.73,0.48,0.5,0.54,0.5,21.58,FICA4monk-problems-2,510,2,4,J48,4,5.81E+12
63.73,0.5,0.5,0.54,0.5,21.58,FICA4monk-problems-2,510,2,4,LMT,3520,5.81E+12
71.18,0.46,0.71,0.72,0.7,24.14,FICA4monk-problems-2,510,2,4,RandomForest,1806,5.81E+12
74.12,0.51,0.74,0.69,0.72,25.11,FICA4monk-problems-2,510,2,4,RandomTree,35,5.81E+12
64.9,0.49,0.58,0.59,0.55,21.99,FICA4monk-problems-2,510,2,4,REPTree,22,5.81E+12
79.61,0.4,0.79,0.74,0.79,27,FICA4monk-problems-3,554,2,4,DecisionStump,5,5.81E+12
51.99,0.69,0.36,0.5,0.5,17.6,FICA4monk-problems-3,554,2,4,LibSVM,431,5.81E+12
86.11,0.34,0.86,0.86,0.86,29.21,FICA4monk-problems-3,554,2,4,MultilayerPerceptron,3082,5.82E+12
76.9,0.4,0.77,0.82,0.83,26.11,FICA4monk-problems-3,554,2,4,Logistic,57,5.82E+12
76.89,0.4,0.77,0.83,0.84,26.11,FICA4monk-problems-3,554,2,4,SimpleLogistic,649,5.82E+12
79.43,0.45,0.79,0.74,0.79,26.92,FICA4monk-problems-3,554,2,4,SMO,91,5.82E+12
96.92,0.15,0.97,0.97,0.98,32.92,FICA4monk-problems-3,554,2,4,IBk,19,5.82E+12
96.92,0.15,0.97,0.99,0.99,32.92,FICA4monk-problems-3,554,2,4,KStar,2668,5.82E+12
80.15,0.39,0.8,0.84,0.84,27.2,FICA4monk-problems-3,554,2,4,LWL,498,5.82E+12
82.14,0.33,0.82,0.9,0.91,27.91,FICA4monk-problems-3,554,2,4,BayesNet,14,5.82E+12
79.6,0.4,0.79,0.8,0.81,27,FICA4monk-problems-3,554,2,4,NaiveBayes,6,5.82E+12
79.6,0.4,0.79,0.8,0.81,27,FICA4monk-problems-3,554,2,4,NaiveBayesUpdateable,6,5.82E+12
79.43,0.36,0.79,0.88,0.89,26.99,FICA4monk-problems-3,554,2,4,AdaBoostM1,103,5.82E+12
92.43,0.25,0.92,0.97,0.97,31.38,FICA4monk-problems-3,554,2,4,Bagging,113,5.82E+12
51.99,0.5,0.36,0.5,0.5,17.66,FICA4monk-problems-3,554,2,4,Stacking,7,5.82E+12
82.84,0.34,0.83,0.9,0.91,28.14,FICA4monk-problems-3,554,2,4,LogitBoost,98,5.82E+12
51.99,0.5,0.36,0.5,0.5,17.66,FICA4monk-problems-3,554,2,4,Vote,1,5.82E+12
83.58,0.33,0.83,0.9,0.91,28.39,FICA4monk-problems-3,554,2,4,DecisionTable,72,5.82E+12
89.36,0.3,0.89,0.89,0.92,30.33,FICA4monk-problems-3,554,2,4,JRip,234,5.82E+12
79.78,0.45,0.8,0.74,0.8,27.04,FICA4monk-problems-3,554,2,4,OneR,5,5.82E+12
51.99,0.5,0.36,0.5,0.5,17.66,FICA4monk-problems-3,554,2,4,ZeroR,1,5.82E+12
88.25,0.29,0.88,0.9,0.93,29.96,FICA4monk-problems-3,554,2,4,PART,51,5.82E+12
95.85,0.2,0.96,0.95,0.97,32.54,FICA4monk-problems-3,554,2,4,RandomCommittee,146,5.82E+12
94.24,0.22,0.94,0.94,0.95,31.99,FICA4monk-problems-3,554,2,4,J48,32,5.82E+12
95.14,0.22,0.95,0.97,0.97,32.3,FICA4monk-problems-3,554,2,4,LMT,1090,5.82E+12
96.39,0.18,0.96,0.98,0.98,32.73,FICA4monk-problems-3,554,2,4,RandomForest,978,5.82E+12
94.04,0.22,0.94,0.93,0.95,31.92,FICA4monk-problems-3,554,2,4,RandomTree,15,5.82E+12
90.42,0.27,0.9,0.94,0.95,30.7,FICA4monk-problems-3,554,2,4,REPTree,11,5.82E+12
44.59,0.3,0.37,0.38,0.6,15.3,FICA4RedWhiteWine,6497,7,4,DecisionStump,114,5.83E+12
43.65,0.4,0.27,0.33,0.5,14.92,FICA4RedWhiteWine,6497,7,4,LibSVM,45732,5.88E+12
45.64,0.3,0.43,0.44,0.64,15.66,FICA4RedWhiteWine,6497,7,4,MultilayerPerceptron,90231,5.97E+12
47.07,0.3,0.4,0.42,0.63,16.13,FICA4RedWhiteWine,6497,7,4,Logistic,8110,5.97E+12
46.85,0.3,0.4,0.42,0.63,16.06,FICA4RedWhiteWine,6497,7,4,SimpleLogistic,20121,5.99E+12
46.5,0.32,0.4,0.39,0.61,15.93,FICA4RedWhiteWine,6497,7,4,SMO,2723,6.00E+12
56.61,0.35,0.56,0.47,0.68,19.31,FICA4RedWhiteWine,6497,7,4,IBk,2495,6.00E+12
61.77,0.27,0.6,0.67,0.79,21.1,FICA4RedWhiteWine,6497,7,4,KStar,388098,6.39E+12
44.76,0.3,0.37,0.43,0.64,15.36,FICA4RedWhiteWine,6497,7,4,LWL,105867,6.49E+12
44.45,0.3,0.38,0.4,0.61,15.25,FICA4RedWhiteWine,6497,7,4,BayesNet,204,6.49E+12
43.13,0.34,0.3,0.37,0.58,14.79,FICA4RedWhiteWine,6497,7,4,NaiveBayes,131,6.49E+12
43.13,0.34,0.3,0.37,0.58,14.79,FICA4RedWhiteWine,6497,7,4,NaiveBayesUpdateable,130,6.49E+12
44.59,0.3,0.37,0.38,0.6,15.3,FICA4RedWhiteWine,6497,7,4,AdaBoostM1,153,6.49E+12
54.84,0.29,0.53,0.55,0.72,18.76,FICA4RedWhiteWine,6497,7,4,Bagging,4294,6.49E+12
43.65,0.31,0.27,0.33,4.95,17.88,FICA4RedWhiteWine,6497,7,4,Stacking,89,6.49E+12
48.93,0.3,0.44,0.45,0.65,16.76,FICA4RedWhiteWine,6497,7,4,LogitBoost,4736,6.49E+12
43.65,0.31,0.27,0.33,0.5,14.95,FICA4RedWhiteWine,6497,7,4,Vote,11,6.49E+12
46.25,0.3,0.41,0.41,0.63,15.86,FICA4RedWhiteWine,6497,7,4,DecisionTable,940,6.49E+12
47.08,0.31,0.4,0.37,0.57,16.11,FICA4RedWhiteWine,6497,7,4,JRip,6183,6.50E+12
46.5,0.39,0.44,0.37,0.57,15.89,FICA4RedWhiteWine,6497,7,4,OneR,86,6.50E+12
43.65,0.31,0.27,0.33,0.5,14.95,FICA4RedWhiteWine,6497,7,4,ZeroR,10,6.50E+12
49.42,0.31,0.48,0.47,0.66,16.92,FICA4RedWhiteWine,6497,7,4,PART,20740,6.52E+12
59.09,0.28,0.58,0.66,0.78,20.2,FICA4RedWhiteWine,6497,7,4,RandomCommittee,5873,6.52E+12
50.05,0.32,0.49,0.47,0.66,17.13,FICA4RedWhiteWine,6497,7,4,J48,2234,6.53E+12
49.24,0.31,0.47,0.47,0.67,16.86,FICA4RedWhiteWine,6497,7,4,LMT,70051,6.60E+12
61.03,0.27,0.6,0.69,0.79,20.85,FICA4RedWhiteWine,6497,7,4,RandomForest,38613,6.63E+12
56.12,0.35,0.56,0.46,0.67,19.15,FICA4RedWhiteWine,6497,7,4,RandomTree,651,6.63E+12
50.33,0.31,0.48,0.48,0.67,17.23,FICA4RedWhiteWine,6497,7,4,REPTree,461,6.63E+12
40.27,0.34,0.27,0.34,0.67,13.87,FICA4solar-flare,323,6,4,DecisionStump,2,6.63E+12
27.26,0.49,0.12,0.22,0.5,9.42,FICA4solar-flare,323,6,4,LibSVM,227,6.63E+12
68.09,0.27,0.65,0.72,0.87,23.23,FICA4solar-flare,323,6,4,MultilayerPerceptron,4047,6.64E+12
65.3,0.27,0.62,0.72,0.88,22.31,FICA4solar-flare,323,6,4,Logistic,238,6.64E+12
64.37,0.27,0.61,0.72,0.88,21.99,FICA4solar-flare,323,6,4,SimpleLogistic,980,6.64E+12
65.9,0.33,0.63,0.59,0.82,22.46,FICA4solar-flare,323,6,4,SMO,786,6.64E+12
65.03,0.31,0.63,0.66,0.84,22.18,FICA4solar-flare,323,6,4,IBk,8,6.64E+12
62.85,0.3,0.62,0.7,0.85,21.47,FICA4solar-flare,323,6,4,KStar,695,6.64E+12
64.99,0.3,0.61,0.69,0.85,22.18,FICA4solar-flare,323,6,4,LWL,172,6.64E+12
59.06,0.28,0.57,0.67,0.85,20.21,FICA4solar-flare,323,6,4,BayesNet,11,6.64E+12
60.07,0.3,0.58,0.69,0.84,20.54,FICA4solar-flare,323,6,4,NaiveBayes,5,6.64E+12
60.07,0.3,0.58,0.69,0.84,20.54,FICA4solar-flare,323,6,4,NaiveBayesUpdateable,5,6.64E+12
40.27,0.34,0.27,0.34,0.67,13.87,FICA4solar-flare,323,6,4,AdaBoostM1,7,6.64E+12
68.7,0.27,0.67,0.72,0.88,23.44,FICA4solar-flare,323,6,4,Bagging,86,6.64E+12
27.26,0.36,0.12,0.22,0.5,9.47,FICA4solar-flare,323,6,4,Stacking,5,6.64E+12
66.5,0.27,0.65,0.73,0.88,22.7,FICA4solar-flare,323,6,4,LogitBoost,309,6.64E+12
27.26,0.36,0.12,0.22,0.5,9.47,FICA4solar-flare,323,6,4,Vote,2,6.64E+12
64.98,0.29,0.62,0.64,0.84,22.18,FICA4solar-flare,323,6,4,DecisionTable,52,6.64E+12
65.92,0.28,0.63,0.61,0.84,22.49,FICA4solar-flare,323,6,4,JRip,157,6.64E+12
56.93,0.38,0.53,0.47,0.72,19.42,FICA4solar-flare,323,6,4,OneR,3,6.64E+12
27.26,0.36,0.12,0.22,0.5,9.47,FICA4solar-flare,323,6,4,ZeroR,1,6.64E+12
64.98,0.29,0.63,0.63,0.81,22.17,FICA4solar-flare,323,6,4,PART,45,6.64E+12
64.69,0.29,0.63,0.68,0.84,22.08,FICA4solar-flare,323,6,4,RandomCommittee,117,6.64E+12
63.75,0.3,0.62,0.62,0.81,21.76,FICA4solar-flare,323,6,4,J48,25,6.64E+12
64.37,0.28,0.61,0.71,0.87,21.99,FICA4solar-flare,323,6,4,LMT,2372,6.64E+12
66.88,0.27,0.66,0.71,0.86,22.82,FICA4solar-flare,323,6,4,RandomForest,793,6.64E+12
62.53,0.33,0.61,0.59,0.79,21.33,FICA4solar-flare,323,6,4,RandomTree,11,6.64E+12
64.66,0.28,0.62,0.63,0.85,22.08,FICA4solar-flare,323,6,4,REPTree,10,6.64E+12
